ID;Mã vạch;Mã sản phẩm;Tên sản phẩm;Khối lượng;Giá;Giá vốn;Giá nhập;Giá bán sỉ;Kho Hà Nội;Kho HCM;Tổng tồn
4944621;2000214256765;TNU180526;Tóc tém TNU180526;;3899000;;;;4;;4
4944620;2000214256758;HUYỀN-1505261;Mái phủ hói siêu da silk base MHNU150526;;10899000;;;;1;;1
4944619;2000214256741;HUYỀN-150526;Đầu đội siêu da silk base DDV150526;;16499000;;;;1;;1
4944618;2000214256734;Hà-1405261;Đầu đội siêu da silk base DDV1405261;;11899000;;;;1;;1
4944617;2000214256727;MINH-140526;1;;11899000;;;;;;
4944616;2000214256710;DDN1405961;Đầu đội machine weft DDN1405961;;6299000;;;;1;;1
4944615;2000214256703;DDN140596;Đầu đội machine weft DDN140596;;10899000;;;;1;;1
4944614;2000214256697;HT100526;Hấp tócc;;100000;;;;;;
4944612;2000214256673;PP0805;phím phồng 0805;;300000;;;;15;;15
4944611;2000214256666;DDN080526;Đầu đội machine weft DDN080526;;6899000;;;;1;;1
4944610;2000214256659;MINH-080526;Đầu đội siêu da silk base DDV080526;;11499000;;;;;1;1
4944609;2000214256642;MHNU080526;Mái hói siêu da silk base MHNU080526;;4980000;;;;1;;1
4944608;2000214256635;HUYỀN-070526;Đầu khách đặt DDV070526;;16200000;;;;1;;1
4944607;2000214256628;HÂN-040526;đầu đôi khách đặt DDV040526;;15750000;;;;;;
4944606;2000214256611;;phí uốn mái chị DUNG;;300000;;;;;;
4944605;2000214256604;HÂN-240426;Đầu đội khách đặt DDV240426;;10700000;;;;;;
4944604;2000214256598;DDV240426;Đầu bop siêu da DDV240426;;5899000;;;;1;;1
4944603;2000214256581;TNA2404261;TÉM NAM TNA2404261;;2800000;;;;2;;2
4944602;2000214256574;TNA240426;TÉM NAM TNA240426;;3499000;;;;4;;4
4944601;2000214256567;TNU240426;Tém nữ siêu da TNU240426;;7899000;;;;4;;4
4944600;2000214256550;DDN240426;Đầu đội machine weft DDN240426;;6499000;;;;1;;1
4944599;2000214256543;;Hấp dầu tóc;;100000;;;;;;
4944597;2000214256529;HÂN-210426;Đầu đội siêu da silk base DDV210426;;11899000;;;;;;
4944596;2000214256512;HUYỀN-210426;Mái hói siêu da silk base MHNU210426;;5980000;;;;;;
4944595;2000214256505;DDV210426;Đầu đội khách đặt DDV210426;;10700000;;;;;;
4944594;2000214256499;;lưới chùm;;30000;;;;;;
4944593;2000214256482;2004261;phí hấp mái hói 2004261;;100000;;;;20;;20
4944592;2000214256475;200426;phí hấp đầu đội 200426;;200000;;;;18;;18
4944591;2000214256468;;lưới chùm tóc 2004;;20000;;;;20;;20
4944589;2000214256444;hà-170426;Đầu đội siêu da silk base DDV170426;;15980000;;;;1;;1
4944588;2000214256437;HUYỀN-1704261;Mái phủ hói siêu da silk base MHNU1704261;;5980000;;;;1;;1
4944587;2000214256420;HUYỀN-170426;Mái phủ hói siêu da silk base MHNU170426;;5299000;;;;1;;1
4944586;2000214256413;;Đầu đội machine weft DDN150426;;9899000;;;;1;;1
4944585;2000214256406;;Lưới chùm tóc.;;10000;10000;10000;;;;
4944584;2000214256390;;TÓC MAY CỦA KHÁCH 1404;;2400000;;;;;;
4944583;2000214256383;;công móc mái hói;;400000;;;;;;
4944582;2000214256376;;Đầu bop khách đã thanh toán chưa trả hàng;;5899000;;;;;;
4944581;2000214256369;HUYỀN-1104261;Đầu đội lace DDN1104261;;11980000;;;;;;
4944580;2000214256352;HÀ -110426;Đầu đội lace DDN110426;;12899000;;;;;;
4944579;2000214256345;;MÁI PHỦ HÓI SIÊU DA MHNU080426;;5499000;;;;;;
4944578;2000214256338;hà-040426;Mái phủ hói silk base MHNU040426;;9899000;;;;;;
4944577;2000214256321;DDN040426;Đầu đội machine weft DDN040426;;6499000;;;;;;
4944576;2000214256314;;PHỤ PHÍ SỬA TÓC;;800000;;;;;;
4944575;2000214256307;K02024264;TÓC KẸP 3 PHÍM 60CM K02024264;;6399000;;;;1;;1
4944574;2000214256291;K02024263;TÓC KẸP 3 PHÍM 50CM 140G K02024263;;6326000;;;;1;;1
4944573;2000214256284;K02024262;TÓC KẸP 3 PHÍM 55CM 130G K02024262;;6319000;;;;1;;1
4944572;2000214256277;;Tóc kẹp 9 phím 60cm K020426;;10899000;;;;1;;1
4944571;2000214256260;K020426;Tóc kẹp 9 phím 40cm K020426;;6499000;;;;1;;1
4944570;2000214256253;minh-0204261;Mái phủ hói siêu da silk base MHNU0204261;;5980000;;;;;;
4944569;2000214256246;hà-020426;Mái phủ hói siêu da silk base MHNU020426;;7899000;;;;1;;1
4944567;2000214256222;LCT27;Lưới chùm tóc 27;;10000;10000;10000;;;;
4944566;2000214256215;;kep 9 phím 50cm;;8499000;;;;;;
4944565;2000214256208;HÂN-210326;Đầu đội siêu da silk base DDV210326;;12899000;;;;;1;1
4944564;2000214256192;;công may mái hói;;1500000;;;;;;
4944563;2000214256185;MHN200326;Mái hói nữ;;1500000;1500000;1500000;;;;
4944562;2000214256178;DDN1003261;Đầu đội siêu da 1 ngôi DDN1003261;;6499000;;;;1;;1
4944561;2000214256161;DDN100326;Đầu đội siêu da 1 ngôi DDN100326;;11899000;;;;;1;1
4944560;2000214256154;;ĐẶT CỌC TÓC XOĂN NÂU TRUNG NIÊN;;1000000;;;;;;
4944559;2000214256147;May thêm tóc chị Thanh;may thêm tóc chị Thanh;;400000;;;;;;
4944558;2000214256130;sửa tóc em Hương;sửa tóc;;800000;;;;;;
4944557;2000214256123;HÂN-0702261;Đầu đôi siêu da silk base DDV0702261;;16200000;;;;1;;1
4944556;2000214256116;HÂN-070226;Đầu đôi siêu da silk base DDV070226;;10980000;;;;1;;1
4944555;2000214256109;MHNU050326;mái phủ hói a long;;7899000;;;;;;
4944554;2000214256093;HUYỀN-050326;mái hói siêu da silk base MHNU050326;;8599000;;;;1;;1
4944553;2000214256086;;PHỤ PHÍ UỐN 0303;;500000;;;;;;
4944552;2000214256079;hà- 020326;mái hói siêu da silk base MHNN020326;;5280000;;;;;;
4944551;2000214256062;;CỌC TÓC CỦA A ALONG;;2000000;;;;;;
4944550;2000214256055;DDV120226;Đầu đội siêu da silk base DDV120226;;9899000;;;;1;;1
4944549;2000214256048;hân-1202262;Đầu đội siêu da silk base DDV1202262;;10899000;;;;;;
4944548;2000214256031;HÂN-1202261;Mái phủ hói siêu da silk base MHNU1202261;;5299000;;;;;;
4944547;2000214256024;HÂN-120226;Mái phủ hói siêu da silk base MHNU120226;;5499000;;;;;;
4944546;2000214256017;HUYÊN-110226;Đầu đội siêu da silk base DDV1102261;;9980000;;;;;;
4944545;2000214256000;HÀ-110226;Đầu đội siêu da silk base DDV110226;;12299000;;;;;;
4944544;2000214255997;TNA110226;TÉM NAM SIÊU DA TNA110226;;7500000;;;;2;;2
4944543;2000214255980;MHNU11226;MÁI PHỦ HÓI KHÁCH ĐĂT MHNU11226;;10800000;;;;;;
4944542;2000214255973;TNU100226;TÉM NỮ TNU100226;;3899000;;;;2;;2
4944541;2000214255966;DDN040226;Đầu đội machine weft DDN040226;;6980000;;;;1;;1
4944540;2000214255959;HUYỀN-0203268;Maí hói siêu da silk base MHNU0203268;;6499000;;;;1;;1
4944539;2000214255942;DDV030226;Đầu đội siêu da silk base DDV030226;;18899000;;;;1;;1
4944538;2000214255935;DDN0303226;Đầu đôi machine weft DDN0303226;;9899000;;;;1;;1
4944537;2000214255928;MHNA030226;MÁI HÓI A THANH;;8500000;;;;;;
4944536;2000214255911;TNU030226;TÉM XOĂN TNU030226;;3899000;3899000;;;4;;4
4944535;2000214255904;MHNU030228;Mái phủ hói siêu da silk base MHNU030228;;4299000;;;;;;
4944534;2000214255898;MHNU030227;Mái phủ hói siêu da silk base MHNU030227;;4980000;;;;;;
4944533;2000214255881;MHNU0302266;Mái phủ hói siêu da silk base MHNU0302266;;4899000;;;;;;
4944532;2000214255874;MHNU0302265;Mái phủ hói siêu da silk base MHNU0302265;;3980000;;;;;1;1
4944531;2000214255867;MHNU0302264;Mái phủ hói siêu da silk base MHNU0302264;;3499000;;;;1;;1
4944530;2000214255850;MHNU0302263;Mái phủ hói siêu da silk base MHNU0302263;;2799000;;;;;;
4944529;2000214255843;MHNU0302262;Mái phủ hói siêu da silk base MHNU0302262;;2799000;;;;1;;1
4944528;2000214255836;MHNU0302261;Mái phủ hói siêu da silk base MHNU0302261;;3499000;;;;;;
4944527;2000214255829;MHNU030226;Mái phủ hói siêu da silk base MHNU030226;;3299000;;;;1;;1
4944526;2000214255812;DDN310126;Đầu đội nữ;;2400000;2400000;2400000;;;;
4944525;2000214255805;MHNA2901262;Mái phủ hói nam MHNA2901262;;1800000;;;;2;;2
4944524;2000214255799;MHNA2901261;Mái phủ hói nam MHNA2901261;;950000;;;;1;;1
4944523;2000214255782;MHNA290126;Mái phủ hói nam MHNA290126;;1250000;;;;1;;1
4944522;2000214255775;TNU2701263;tém nữ siêu da TNU2701263;;7899000;;;;2;;2
4944521;2000214255768;TNA270126;Tém nam siêu da TNA270126;;8600000;;;;2;;2
4944520;2000214255751;DDN270126;Tóc bop siêu da DDN270126;;5899000;;;;;;
4944519;2000214255744;TNU2701261;TÓC TÉM TNU2701261;;3899000;;;;1;;1
4944518;2000214255737;TNU270126;Tém xoăn TNU270126;;3899000;;;;8;;8
4944517;2000214255720;MHNU2601261;Mái phủ hói siêu da silk base MHNU2601261;;2899000;;;;;;
4944516;2000214255713;MHNU260126;Mái phủ hói siêu da silk base MHNU260126;;3899000;;;;;1;1
4944515;2000214255706;230126;PHÍ SỬA TÓC 230126;;3500000;;;;;;
4944514;2000214255690;TNU2301261;Tóc tém TNU2301261;;2980000;;;;3;;3
4944513;2000214255683;DDN2301263;Đầu đội machine weft DDN2301263;;4980000;;;;3;;3
4944512;2000214255676;DDN23012612;Đầu đội machine weft DDN2301262;;4620000;;;;5;;5
4944511;2000214255669;DDX230126;Đầu bop xoáy machine weft DDX230126;;4260000;;;;4;;4
4944510;2000214255652;TNU230126;Tóc tém TNU230126;;3899000;;;;4;;4
4944509;2000214255645;DDN2301261;Nguyên đầu xoăn trung niên DDN2301261;;4560000;;;;2;;2
4944508;2000214255638;DDN230126;Nguyên đầu xoăn trung niên DDN230126;;4299000;;;;1;;1
4944507;2000214255621;LCT2301;Lưới chùm tóc 1;;20000;20000;20000;;;;
4944506;2000214255614;hà-220126;Mái phủ hói siêu da silk base MHNU220126;;7099000;;;;;;
4944505;2000214255607;MHNU220126;Mái phủ hói mnini MHNU220126;;1290000;;;;;;
4944504;2000214255591;hân-220125;Mái phủ hói siêu da silk base MHNU220125;;5280000;;;;;;
4944503;2000214255584;;phụ phí sửa tóc anh LIAM;;1000000;;;;;;
4944501;2000214255560;TNU0801261;TÉM NỮ SIÊU DA TNU0801261;;5499000;;;;;2;2
4944500;2000214255553;HÀ-1601265;Đầu đội siêu da silk base DDV1601265;;12899000;;;;1;;1
4944499;2000214255546;HÀ-1601264;Đầu đội siêu da silk base DDV1601264;;16599000;;;;1;;1
4944498;2000214255539;HUYỀN-1601263;Đầu đội siêu da silk base DDV1601263;;11899000;;;;;;
4944497;2000214255522;HUYÊN-1601261;Đầu đội siêu da silk base DDV1601261;;18899000;;;;1;;1
4944496;2000214255515;DDN160126;Đầu đội da đầu mono LADYSTARS 160126;;14000000;;;;1;;1
4944495;2000214255508;N150126;NGOẠM NÂU HẠT DẺ;;5899000;;;;1;;1
4944494;2000214255492;MHNU1301266;Mái phủ hói siêu da silk base MHNU1301266;;5980000;;;;;;
4944493;2000214255485;MHNU1301265;Mái phủ hói siêu da silk base MHNU1301265;;3899000;;;;;;
4944492;2000214255478;MHNU1301263;Mái phủ hói siêu da silk base MHNU1301263;;2799000;;;;;;
4944491;2000214255461;MHNU1301262;Mái phủ hói siêu da silk base MHNU1301262;;1290000;;;;;;
4944490;2000214255454;MHNU1301261;Mái phủ hói siêu da silk base MHNU1301261;;3199000;;;;;;
4944489;2000214255447;MHNU130126;Mái phủ hói siêu da silk base MHNU130126;;3499000;;;;4;;4
4944488;2000214255430;minh-130126;Đầu đội siêu da khách đặt DDV130126;;11899000;;;;;;
4944487;2000214255423;cô mai;gia công phím phồng cô Mai;;600000;;;;;;
4944486;2000214255416;;Đầu đội siêu da đầu cô liên;;18899000;;;;;;
4944485;2000214255409;090126;phí nhuộm 090126;;600000;;;;;;
4944484;2000214255393;minh-090126;Đầu đội siêu da silk base DDV090126;;11899000;;;;;;
4944483;2000214255386;DDN090126;Đầu đội machine weft DDN090126;;6499000;;;;;1;1
4944482;2000214255379;DDV080126;Đầu đội siêu da DDV080126;;5899000;;;;;;
4944481;2000214255362;DDN150126;Đầu đội xoăn trung niên DDN150126;;4560000;;;;;;
4944480;2000214255355;TNU080126;TÉM NỮ TNU080126;;3899000;;;;;;
4944479;2000214255348;DDN0801261;Đầu đội xoăn trung niên DDN0801261;;4720000;;;;1;1;2
4944478;2000214255331;DDN080126;Đầu đội xoăn trung niên DDN080126;;4560000;;;;2;;2
4944477;2000214255324;TNU240926;Đầu đội tém nữ TNU240926;;3899000;;;;;;
4944476;2000214255317;MHNU020726;Mái hói siêu da đầu silk base MHNU020726;;1290000;;;;;;
4944475;2000214255300;MHNU030125;Mái phủ hói siêu da silk base MHNU030125;;5399000;;;;1;;1
4944474;2000214255294;DDN271225;Đầu đội ngôi 271225;;6299000;6299000;6299000;;;1;1
4944473;2000214255287;HUYỀN-271225;Đầu đội siêu da nhiều ngôi DDV271225;;11899000;;;;;1;1
4944472;2000214255270;;mái hói anh thanh 261225;;8500000;;;;;;
4944471;2000214255263;DDN241225;Đầu đội xoáy machine weft DDN241225;;4560000;;;;5;4;9
4944470;2000214255256;;Đầu đội siêu da đầu cô OANH;;10735000;;;;;;
4944469;2000214255249;;ĐẦU ĐỘI KHÁCH ĐẶT 2312;;11600000;;;;;;
4944468;2000214255232;hân-2107251.;Mái phủ hói siêu da silk base MHNU2107251.;;5499000;;;;;;
4944467;2000214255225;;phụ phí uốn;;500000;;;;;;
4944465;2000214255201;B NGỌC 161225;Đầu đội siêu da 1 ngôi DDN161225;;6299000;;;;;;
4944464;2000214255195;B NGOC-161225;mái hói siêu da silk base MHNU161225;;8980000;;;;;;
4944463;2000214255188;Trang 161225;Mãi hói siêu da silkbase;;5980000;5980000;5980000;;;1;1
4944462;2000214255171;161225-3 phím 50cm;Tóc kẹp phím;;4000000;4000000;4000000;;;;
4944461;2000214255164;;phí uốn nhuộm;;1000000;;;;;;
4944460;2000214255157;MHNU1212251;Mái phủ hói siêu da MHNU1212251;;1290000;;;;;;
4944459;2000214255140;MHNU121225;Mái phủ hói siêu da MHNU121225;;3499000;;;;;1;1
4944458;2000214255133;;ĐẦU ĐỘI CHỊ ZIN;;9899000;;;;;;
4944457;2000214255126;Kẹp 3 phím 40cm;Tóc kẹp phím 40cm;;4000000;4000000;4000000;;;;
4944456;2000214255119;B NGỌC-101225;Đầu đội siêu da 1 ngôi DDN101225;;6499000;;;;1;;1
4944455;2000214255102;;mái hói siêu da anh Thanh mhna101225;;7500000;;;;;;
4944454;2000214255096;;sửa mái hói;;200000;;;;;;
4944453;2000214255089;MHNU0812256;Mái hói siêu da silk base MHNU0812256;;4899000;;;;;1;1
4944452;2000214255072;MHNU0812255;Mái hói siêu da silk base MHNU0812255;;3899000;;;;;;
4944451;2000214255065;MINH-0812251;Đầu đội siêu da silk base DDV0812251;;9899000;;;;;1;1
4944450;2000214255058;HUYỀN-081225;Đầu đội siêu da silk base DDV081225;;15280000;;;;;;
4944449;2000214255041;TNA081225;TÉM NAM SIÊU DA TNA081225;;8600000;;;;1;;1
4944448;2000214255034;HUYỀN-0812253;Mái phủ hói siêu da silk base MNHU0812253;;7099000;;;;;;
4944447;2000214255027;HÂN-0812252;Mái phủ hói siêu da silk base MNHU0812252;;4899000;;;;1;;1
4944446;2000214255010;HUYỀN-U0812251;Mái phủ hói siêu da silk base MNHU0812251;;6899000;;;;;;
4944445;2000214255003;B NGỌC-081225;Mái phủ hói siêu da silk base MNHU081225;;8980000;;;;;;
4944444;2000214254990;T0812251;Tóc kẹp 3 phím 35cm 0812251;;3299000;;;;1;;1
4944443;2000214254983;T081225;Tóc kẹp 3 phím 40cm 081225;;4000000;;;;1;;1
4944442;2000214254976;;hấp mái hói 0912;;100000;;;;;;
4944441;2000214254969;DDN180624;Đầu đội ngôi;;4980000;4980000;4980000;;;1;1
4944440;2000214254952;DDN0412252;Đầu đội bop siêu da DDN0412252;;5899000;;;;;2;2
4944439;2000214254945;TNA041225;Tóc tém nam TNA041225;;3499000;;;;;;
4944438;2000214254938;TNU0412252;Tóc tém TNU0412252;;3899000;;;;;;
4944437;2000214254921;TNU0412251;Tóc tém xoăn TNU0412251;;3899000;;;;;;
4944436;2000214254914;TNU041225;tóc tém siêu da TNU041225;;5499000;;;;2;1;3
4944435;2000214254907;DDN0412251;Đầu đội machine weft DDN0412251;;4980000;;;;1;1;2
4944434;2000214254891;DDN041225;Đầu đội machine weft DDN041225;;4620000;;;;;1;1
4944433;2000214254884;DDN2811251;Đầu đội machine weft DDN2811251;;6980000;;;;;;
4944432;2000214254877;DDN281125;Đầu đội machine weft DDN281125;;6290000;;;;;;
4944431;2000214254860;hân-281125;Đầu đội siêu da silk base DDV281125;;16299000;;;;1;;1
4944430;2000214254853;;keo dán mái hói 2511;;15000;;;;;;
4944429;2000214254846;MHNU2111251;mái phủ hói siêu da silk base MHNU2111251;;3499000;;;;;1;1
4944428;2000214254839;MHNU211125;mái phủ hói siêu da silk base MHNU211125;;2980000;;;;;;
4944427;2000214254822;;mái phủ hói anh THANH;;7500000;;;;;;
4944426;2000214254815;22112025;sửa tóc cô liên 0943785135;;800000;;;;;;
4944424;2000214254792;Đầu đội siêu da silk base DDV1911251;Đầu đội siêu da silk base DDV1911252;;5899000;;;;;;
4944423;2000214254785;HÂN-1911251;Đầu đội siêu da silk base DDV1911251;;13499000;;;;;;
4944422;2000214254778;hà-191125;Đầu đội siêu da silk base DDV191125;;13499000;;;;;;
4944421;2000214254761;hân-191125;Mái phủ hói siêu da silk base MHNU191125;;5899000;;;;;;
4944420;2000214254754;MHNU041125;Mái hói siêu da silk base;;5899000;5899000;5899000;;;1;1
4944419;2000214254747;TNU041125;Tóc tém siêu da TNU041125;;5499000;;;;;;
4944418;2000214254730;DDV041125;Đầu đội siêu da DDV041125;;5899000;;;;;;
4944417;2000214254723;DDN0311252;Đầu đội machine weft DDN0311252;;6499000;;;;;;
4944416;2000214254716;DDN0311251;Đầu đội machine weft DDN0311251;;9899000;;;;1;;1
4944415;2000214254709;DDN031125;Đầu đội machine weft DDN031125;;8899000;;;;;;
4944413;2000214254686;hà- 031125;Mái phủ hói siêu da silk base MNHU031125;;5899000;;;;;;
4944412;2000214254679;TNA2810251;TÉM NAM SIÊU DA TNA2810251;;7899000;;;;1;;1
4944411;2000214254662;TNA281025;TÉM NAM SIÊU DA TNA281025;;8600000;;;;;;
4944410;2000214254655;DDN281025;Đầu đội pixel DDN281025;;4620000;;;;;;
4944409;2000214254648;TNU281025;TÓC TÉM TNU281025;;3899000;;;;1;1;2
4944408;2000214254631;MHNU2710254;Mái phủ hói siêu da silk base MHNU2710254;;3000000;;;;;;
4944407;2000214254624;HNU2710253;Mái phủ hói siêu da silk base MHNU2710253;;2799000;;;;;;
4944406;2000214254617;MHNU2710252;Mái phủ hói siêu da silk base MHNU2710252;;3199000;;;;;;
4944405;2000214254600;MHNU2710251;Mái phủ hói siêu da silk base MHNU2710251;;3499000;;;;;;
4944404;2000214254594;MHNU271025;Mái phủ hói siêu da silk base MHNU271025;;1290000;;;;;;
4944403;2000214254587;Hà-DDV251025;Đầu đội siêu da silkbase;;11980000;11980000;11980000;;;;
4944401;2000214254563;TNU231025;TÓC TÉM SIÊU DA TNU231025;;5499000;;;;;;
4944400;2000214254556;DDV2310251;Đầu đội siêu da silk base DDV2310251;;6899000;;;;;;
4944399;2000214254549;DDV231025;Đầu đội siêu da silk base DDV231025;;6899000;;;;;;
4944398;2000214254532;HÀ-0910252;Đầu đội siêu da silk base DDV0910252;;11899000;;;;;;
4944396;2000214254518;HÀ-091025;Đầu đội siêu da silk base DDV091025;;9899000;;;;;;
4944395;2000214254501;071025-3;Kẹp phím 45cm;;4519000;;;;;1;1
4944394;2000214254495;071025-4;Kẹp phím 55cm;;5639000;;;;;;
4944393;2000214254488;DDN071025;Đầu Đội Machine;;7899000;;;;;1;1
4944392;2000214254471;DDN071025-2;Đầu đội Machine weft;;5899000;;;;;;
4944391;2000214254464;DDV300915;Đầu đội siêu da silk base DDV300915;;5899000;;;;;;
4944390;2000214254457;LCT-1;Lưới chùm tócc;;10000;10000;10000;;;;
4944389;2000214254440;DDN240915;Đầu đội machine weft DDN240915;;4580000;;;;;;
4944388;2000214254433;DDV2409251;Đầu đội siêu da silk base DDV2409251;;5899000;;;;;;
4944387;2000214254426;DDV240925;Đầu đội siêu da silk base DDV240925;;8899000;;;;;;
4944386;2000214254419;TNU2409252;TÓC TÉM TNU2409252;;7899000;;;;1;;1
4944385;2000214254402;TNU2409251;TÓC TÉM TNU2409251;;2899000;;;;;;
4944384;2000214254396;TNU240925;TÓC TÉM TNU240925;;3899000;;;;;;
4944383;2000214254389;MINH-2309252;Mái phủ hói siêu da silk base MHNU2309252;;6499000;;;;;;
4944382;2000214254372;HÂN-2309251;Mái phủ hói siêu da silk base MHNU2309251;;5799000;;;;;;
4944381;2000214254365;MINH-230925;Mái phủ hói siêu da silk base MHNU230925;;5380000;;;;;;
4944380;2000214254358;;TÓC KẸP MAY CHO KHÁCH;;800000;;;;;;
4944378;2000214254334;HUYỀN-200925;Đầu đội siêu da silk base DDV200925;;11899000;;;;;;
4944377;2000214254327;HUYỀN-1809153;Mái phủ hói siêu da silk base MHNU1809153;;6499000;;;;1;;1
4944376;2000214254310;HÀ-1809152;Mái phủ hói siêu da silk base MHNU1809152;;5499000;;;;;;
4944375;2000214254303;HÂN-1809151;Mái phủ hói siêu da silk base MHNU1809151;;5699000;;;;;;
4944374;2000214254297;B NGỌC-180915;Mái phủ hói siêu da silk base MHNU180915;;2899000;;;;;;
4944373;2000214254280;TNU1809251;TÓC TÉM TNU1809251;;3899000;;;;;;
4944372;2000214254273;TNU180925;TÓC TÉM TNU180925;;2899000;;;;;;
4944371;2000214254266;;hấp mái hói 179;;100000;;;;;;
4944370;2000214254259;MINH-070925;Mái phủ hói siêu da silk base MHNU070925;;5699000;;;;;;
4944369;2000214254242;TNU290825;Tóc tém siêu da TNU290825;;7899000;;;;;;
4944368;2000214254235;MHNU2908255;Mái phủ hói siêu da silk base MHNU2908255;;4499000;;;;;;
4944367;2000214254228;MHNU2908254;Mái phủ hói siêu da silk base MHNU2908254;;4499000;;;;;;
4944366;2000214254211;MHNU2908253;Mái phủ hói siêu da silk base MHNU2908253;;3699000;;;;;;
4944365;2000214254204;MHNU2908252;Mái phủ hói siêu da silk base MHNU2908252;;2899000;;;;;;
4944364;2000214254198;MHNU2908251;Mái phủ hói siêu da silk base MHNU2908251;;3199000;;;;;;
4944363;2000214254181;MHNU290825;Mái phủ hói siêu da silk base MHNU290825;;3499000;;;;;;
4944362;2000214254174;MHNUHA260825;MÁI HÓI NỮ HÀ 260825;;6499000;6499000;6499000;6499000;;1;1
4944361;2000214254167;DDSDHAN260825;DDSDHAN260825;;18899000;18899000;18899000;18899000;;1;1
4944360;2000214254150;TEMNU260825;TEMNU260825;;3899000;3899000;3899000;3899000;;;
4944359;2000214254143;DDN260825;Đầu đội ngôi 260825;;5899000;5899000;5899000;5899000;;1;1
4944358;2000214254136;MHNU250825;Mái phủ hói siêu da silk base MHNU250825;;5280000;;;;;;
4944357;2000214254129;MINH-2508251;Đầu đội siêu da silk base DDV2508251;;11899000;;;;;;
4944356;2000214254112;HÀ-250825;Đầu đội siêu da silk base DDV250825;;11890000;;;;;;
4944355;2000214254105;;Lưới chùm tóc 2508;;20000;;;;3;;3
4944354;2000214254099;Lưới ct;Lưới chùm tóc giả;;10000;10000;10000;;;;
4944353;2000214254082;UXMH210825;Uốn xoăn mái hói;;300000;300000;300000;300000;;;
4944351;2000214254068;MINH-1508251;Đầu đội siêu da silk base DDV1508251;;12980000;;;;;;
4944350;2000214254051;HÂN-150825;Đầu đội siêu da silk base DDV150825;;11799000;;;;;;
4944349;2000214254044;HÀ-1408251;Mái phủ hói siêu da đầu silk base MHNU1408251;;6499000;;;;;;
4944348;2000214254037;MHNU140825;Mái hói siêu da 1 ngôi MHNU140825;;2080000;;;;;;
4944347;2000214254020;BOP120825;Đầu đội bop BOP120825;;5899000;;;;;;
4944346;2000214254013;TNU120825;Tóc tém TNU120825;;3899000;;;;;;
4944345;2000214254006;;Đầu may cho chị Vân;;3550000;;;;;;
4944344;2000214253993;HÀ-0608251;Đầu đội siêu da silk base DDV0608251;;11899000;;;;;;
4944343;2000214253986;HUYỀN-060825;Đầu đội siêu da silk base DDV060825;;11899000;;;;;;
4944342;2000214253979;HÀ-040825;Mái phủ hói siêu da silk base MHNU0408251;;4790000;;;;;;
4944341;2000214253962;MINH-040825;Mái phủ hói siêu da silk base MHNU040825;;7499000;;;;;;
4944340;2000214253955;MINH-080425;Đầu đội siêu da silk base DDVc;;13980000;;;;1;;1
4944339;2000214253948;MHNUMINI240725-4;Mái hói nữ mini 240725-4;;1290000;1290000;1290000;;;;
4944338;2000214253931;MHNUHA240725-3;Mái hói nữ Hà 240725-3;;6299000;6299000;6299000;;;1;1
4944337;2000214253924;MHNUHAN240725-2;Mái hói nữ Hân 240725-2;;5499000;5499000;5499000;;;1;1
4944336;2000214253917;MHNUHUYEN240725-1;Mái hói nữ Huyền 240725-1;;5699000;5699000;5699000;;;1;1
4944335;2000214253900;DD110725;Đầu đội 110725;;8410000;8410000;8410000;;;;
4944334;2000214253894;MHX050725;Mái hói xoăn 050725;;4500000;4500000;4500000;;;;
4944333;2000214253887;DDN210725;Đầu đội machine weft DDN210725;;6499000;;;;;;
4944332;2000214253870;hân-2107251;Mái phủ hói siêu da silk base MHNU2107251;;5499000;;;;;;
4944331;2000214253863;HÀ-210725;Mái phủ hói siêu da silk base MHNU210725;;5699000;;;;;;
4944330;2000214253856;HÂN-190725;Đầu đội siêu da silk base DDV190725;;12099000;;;;;;
4944329;2000214253849;PP15;Phím phồng 15cm;;300000;;;;;;
4944328;2000214253832;MT1507;Mái thưa MT1507;;250000;;;;13;;13
4944327;2000214253825;HÂN-0707251;Đầu đội siêu da silk base DDV0707251;;12899000;;;;;;
4944326;2000214253818;HÂN-070725;Đầu đội siêu da silk base DDV070725;;11399000;;;;;;
4944325;2000214253801;TNU020725;TÓC TÉM TNU020725;;3899000;;;;1;;1
4944324;2000214253795;MHNU0207254;Mái hói siêu da đầu silk base MHNU0207254;;2499000;2499000;;;;;
4944323;2000214253788;MHNU0207253;Mái hói siêu da đầu silk base MHNU0207253;;3499000;;;;;;
4944322;2000214253771;MHNU0207252;Mái hói siêu da đầu silk base MHNU0207252;;3199000;;;;;;
4944321;2000214253764;MHNU0207251;Mái hói siêu da đầu silk base MHNU0207251;;2799000;;;;;;
4944320;2000214253757;MHNU020725;Mái hói siêu da đầu silk base MHNU020725;;1290000;;;;;;
4944319;2000214253740;;lưới chùm tóc;;10000;;;;;;
4944318;2000214253733;;phí sua tóc 25061;;1100000;;;;;;
4944316;2000214253719;DDV2306251;1Đầu đội siêu da silk base DDV2306251;;9899000;;;;;;
4944315;2000214253702;DDV230625;Đầu đội siêu da silk base DDV230625;;5499000;;;;;;
4944314;2000214253696;DDN230625;Đầu đội trung niên DDN230625;;4299000;;;;;;
4944313;2000214253689;TNU230625;TÓC TÉM TNU230625;;2899000;;;;;;
4944312;2000214253672;;phí sửa tóc 1906;;300000;;;;;;
4944311;2000214253665;MH250525;Mái hói 250525;;4500000;;;;;;
4944310;2000214253658;;phí ép tóc;;600000;;;;;;
4944309;2000214253641;huyền-1706251;Đầu đội siêu silk base DĐV170625;;15280000;;;;1;;1
4944308;2000214253634;HUYỀN-170625;Mái hói siêu da silk base MHNU170625;;5899000;;;;;;
4944307;2000214253627;hân-140625;Đầu đội siêu da silk base DDV140625;;14899000;;;;;;
4944306;2000214253610;DDN140625;Đầu đội machine weft DDN140625;;6299000;;;;;;
4944305;2000214253603;minh-1306251;Đầu đội siêu da silk base DDV1306251;;11399000;;;;;;
4944304;2000214253597;HÂN-130625;Đầu đội siêu da silk base DDV130625;;11980000;;;;;;
4944303;2000214253580;MHNU1306251;mái phủ siêu da 1 NGÔI MHNU1306251;;2099000;;;;1;;1
4944302;2000214253573;MHNU130625;mái phủ siêu da mini MHNU130625;;1290000;;;;;;
4944301;2000214253566;;tóc may của khách;;2450000;;;;;;
4944300;2000214253559;DDN1062025;Đầu đội machine weft DDN1062025;;6499000;;;;;;
4944299;2000214253542;MINH-090525;Mái phủ hói silk base MHNU090525;;5699000;;;;;;
4944298;2000214253535;;phí uốn tóc;;500000;;;;;;
4944297;2000214253528;;MÁI PHỦ HÓI SIÊU DA SHIP KHÁCH;;5300000;;;;;;
4944296;2000214253511;MINH-0306253;Mái phủ hói silk base MHNU0306254;;4899000;;;;;;
4944295;2000214253504;SEN-0306253;Mái phủ hói silk base MHNU0306253;;5899000;;;;;;
4944294;2000214253498;B NGỌC-0306252;Mái phủ hói silk base MHNU0306252;;6899000;;;;;;
4944293;2000214253481;SEN-0306251;Mái phủ hói silk base MHNU0306251;;1800000;;;;;;
4944292;2000214253474;B NGỌC-030625;Mái phủ hói silk base MHNU030625;;6980000;;;;;;
4944291;2000214253467;MHNU030625;mái phủ hói mini MHNU030625;;1290000;;;;;;
4944290;2000214253450;HUYEN-020625;Đầu đội siêu da silk base DDV020625;;15899000;;;;;;
4944289;2000214253443;HÂN-305251;Đầu đội siêu da silk base DDV305251;;11799000;;;;;;
4944288;2000214253436;HÂN-30525;Đầu đội siêu da silk base DDV30525;;11300000;;;;;;
4944287;2000214253429;DD280525-2;Sửa tóc dd280525-2;;750000;;;;;;
4944284;2000214253399;;mái phủ mini 2805;;1200000;;;;;;
4944283;2000214253382;;mái hói siêu da đầu MHNU140525;;6899000;;;;;;
4944282;2000214253375;TEMNAM30;Đầu đội tém nam 30;;3600000;;;;;1;1
4944281;2000214253368;DDV10525;Đầu đội siêu da silk base 10525;;10799000;;;;;1;1
4944280;2000214253351;;mái phủ mini MHNU04525;;1299000;;;;;;
4944279;2000214253344;;Wig 200grs 18''+ closure 12'';;3380000;;;;;;
4944278;2000214253337;DDVHAN-22425;Đầu đội siêu da silk base 22425;;14899000;;;;;;
4944277;2000214253320;DDVSEN21425;Đầu đội siêu da silk base DDV 21425;;18899000;;;;;;
4944276;2000214253313;HÂN-170425;Đâu đội khách đặt DDV170425;;17899000;;;;;;
4944274;2000214253290;MINH-160425;Đâu đội khách đặt DDV160425;;17499000;;;;;;
4944273;2000214253283;;phụ phí hấp;;200000;;;;;;
4944272;2000214253276;trang-0504253;Mái phủ hói silk base MHNU0504253;;5899000;;;;;;
4944271;2000214253269;MINH-0504252;Mái phủ hói silk base MHNU0504252;;5899000;;;;;;
4944270;2000214253252;HÂN-0504251;Mái phủ hói silk base MHNU0504251;;5280000;;;;;;
4944269;2000214253245;B NGỌC-050425;Mái phủ hói silk base MHNU050425;;9799000;;;;;;
4944268;2000214253238;MHNU0404256;Mái phủ hói silk base MHNU0404256;;4899000;;;;;;
4944267;2000214253221;MHNU0404255;Mái phủ hói silk base MHNU0404255;;4499000;;;;;;
4944266;2000214253214;MHNU0404254;Mái phủ hói silk base MHNU0404254;;1250000;;;;;;
4944265;2000214253207;MHNU0404253;Mái phủ hói silk base MHNU0404253;;3599000;;;;;;
4944264;2000214253191;MHNU0404252;Mái phủ hói silk base MHNU0404252;;3299000;;;;;;
4944263;2000214253184;MINH-0404251;Mái phủ hói silk base MHNU0404251;;5280000;;;;;;
4944262;2000214253177;BNGOC-040425;Mái phủ hói silk base MHNU040425;;6899000;;;;;;
4944261;2000214253160;Ngoc-MHNU1425;Mái phủ hói silk base MHNU1425;;7899000;;;;;;
4944260;2000214253153;;KẸP PHÍM 40cm-3 phím;;4000000;;;;;;
4944259;2000214253146;;KẸP PHÍM 35cm-3 phím;;3229000;;;;;1;1
4944258;2000214253139;hân-270325;Đầu đội siêu da silk base DDV270325;;11899000;;;;;;
4944257;2000214253122;K2503252;Tóc kẹp 6 phím 40cm K2503252;;5249000;;;;1;;1
4944256;2000214253115;K2503251;TÓC KẸP 3 PHÍM 35CM K2503251;;3229000;;;;;;
4944255;2000214253108;K250325;TÓC KẸP 3 PHÍM 40CM K250325;;4000000;;;;;;
4944254;2000214253092;;Lược gỡ rối size M;;149000;;;;;;
4944253;2000214253085;TRANG-203251;Mái hói siêu da SILK BASE MHNU203251;;6799000;;;;;;
4944252;2000214253078;trang-20325;Mái hói siêu da SILK BASE MHNU20325;;4899000;;;;1;;1
4944251;2000214253061;SEN-203251;Đầu đội siêu da silk base DDV203251;;13299000;;;;;;
4944250;2000214253054;HÂN- 20325;Đầu đội siêu da silk base DDV20325;;12599000;;;;;;
4944249;2000214253047;;đầu đội siêu da;;10899000;;;;;;
4944248;2000214253030;MINH-183253;Đầu đội siêu da silk base DDV183253;;11899000;;;;;;
4944247;2000214253023;HÀ-18325;Mái phủ hói silk base MNHU180325;;6499000;;;;;1;1
4944246;2000214253016;DDV183251;Đầu đội siêu da silk base DDV183251;;8980000;;;;;;
4944244;2000214252996;SEN-183252;Đầu đội siêu da silk base DDV183252;;14899000;;;;;;
4944243;2000214252989;TRANG-1803251;Đầu đội siêu da silk base DDV1803251;;13899000;;;;;;
4944242;2000214252972;sen-180325;Đầu đội siêu da silk base DDV180325;;14299000;;;;;;
4944241;2000214252965;MHNA140725;Mái phủ hói nam siêu da silk base;;4800000;;;;;;
4944240;2000214252958;DDN120325;Đâu độ machine weft DDN120325;;5060000;;;;;;
4944239;2000214252941;HUYEN-1203251;Mái phủ hói SILK BASE MHNU1203251;;6499000;;;;;;
4944238;2000214252934;B NGỌC-120325;Mái phủ hói SILK BASE MHNU120325;;6799000;;;;;;
4944237;2000214252927;DDV110325;Đầu đội siêu da silk base DDV110325;;8980000;;;;;;
4944236;2000214252910;TNA0603251;TÉM NAM TNA0603251;;3299000;;;;;;
4944235;2000214252903;TNA060325;TÉM NAM TNA060325;;3500000;;;;1;;1
4944234;2000214252897;MINI280225;MÁI HÓI MINI280225;;1200000;;;;;;
4944233;2000214252880;sen-2502252;Đầu đội siêu da silk base DDV2502252;;11980000;;;;;;
4944232;2000214252873;Trang-2502251;Đầu đội siêu da silk base DDV2502251;;11980000;;;;;;
4944231;2000214252866;SEN-250225;Đầu đội siêu da silk base DDV250225;;12499000;;;;;;
4944230;2000214252859;HUYEN-18225;Đầu đội siêu da silk base DDV180225;;15280000;;;;;;
4944229;2000214252842;;Đầu đội khách đăt ddv 130225;;19899000;;;;;;
4944228;2000214252835;MINH-08225;Đầu đội siêu da silk base DDV08225;;18899000;;;;1;;1
4944227;2000214252828;TRANG-0702255;Mái phủ siêu da silk base MHNU0702255;;9799000;;;;;;
4944226;2000214252811;HÂN-0702254;Mái phủ siêu da silk base MHNU0702254;;6799000;;;;;;
4944225;2000214252804;TRANG-0702253;Mái phủ siêu da silk base MHNU0702253;;5499000;;;;;;
4944224;2000214252798;MINI 070225;Mái phủ MINI 070225;;1299000;;;;;;
4944223;2000214252781;MHNU0702251;Mái phủ siêu da silk base MHNU0702251;;2299000;;;;;;
4944222;2000214252774;B NGOC-070225;Mái phủ siêu da silk base MHNU070225;;6980000;;;;;;
4944220;2000214252750;;PHÍ CỌC TÓC 2301;;2000000;;;;;;
4944219;2000214252743;DDN160125;Đầu đội xoáy DDN160125;;4299000;;;;;;
4944218;2000214252736;DDV130125;Đầu đội silk base DDV130125;;12899000;;;;;;
4944217;2000214252729;;Đầu đội đặt của cô OANH;;11300000;;;;;;
4944216;2000214252712;;phụ phí;;600000;;;;;;
4944215;2000214252705;;Mái hói silk base 4D 9125;;5899000;;;;;;
4944214;2000214252699;;Đầu đội siêu da silk base 9125;;9499000;;;;;;
4944213;2000214252682;;Đầu đội machine weft 9125;;7980000;;;;;;
4944212;2000214252675;MHNU071259;Mái hói siêu da MHNU071259;;1200000;;;;;;
4944211;2000214252668;MHNU071258;Mái hói siêu da MHNU071258;;2499000;;;;;;
4944210;2000214252651;MHNU071257;Mái hói siêu da MHNU071257;;2499000;;;;;;
4944209;2000214252644;MHNU071256;Mái hói siêu da MHNU071256;;3499000;;;;;;
4944208;2000214252637;MHNU071255;Mái hói siêu da MHNU071255;;3899000;;;;;;
4944207;2000214252620;MHNU071254;Mái hói siêu da MHNU071254;;4980000;;;;;;
4944206;2000214252613;MHNU071253;Mái hói siêu da MHNU071253;;3299000;;;;;;
4944205;2000214252606;MHNU071252;Mái hói siêu da MHNU071252;;3499000;;;;;;
4944204;2000214252590;MHNU071251;Mái hói siêu da MHNU071251;;3499000;;;;;;
4944203;2000214252583;MHNU07125;Mái phủ hói 8*13 MHNU07125;;3899000;3899000;3899000;;;;
4944202;2000214252576;TNU06125;TÉM NỮ TNU06125;;2899000;;;;;;
4944200;2000214252552;MHNU06125;Mái hói siêu da mini MHNU06125;;1200000;;;;;;
4944199;2000214252545;MINH-061251;Mái hói silk base MHNU061251;;5400000;;;;;;
4944198;2000214252538;HÂN-06125;Mái hói silk base MHNU06125;;4800000;4800000;4800000;;;;
4944197;2000214252521;;đầu đội may cho chị Hậu;;2800000;;;;;;
4944196;2000214252514;HÂN-301252;Mái phủ hói silk base MHNU301252;;4980000;;;;;;
4944195;2000214252507;HUYEN-301251;Mái phủ hói siêu da silk base MHNU301251;;7099000;;;;;;
4944194;2000214252491;HUYỀN-30125;Mái phủ hói siêu da silk base MHNU30125;;6899000;;;;;;
4944193;2000214252484;;Mái phủ hói siêu da đầu MHNU301224;;3899000;;;;;;
4944192;2000214252477;;PHÍ UỐN CỤP MÁI HÓI CHỊ HƯƠNG;;300000;;;;;;
4944191;2000214252460;;Mái hói siêu da đầu khách đặt MHNU301224;;6000000;;;;;;
4944190;2000214252453;DDV271224;Mẫu nguyên đầu siêu da silk base DDV271224;;9499000;;;;;;
4944189;2000214252446;SEN - DDV271224;Đầu đội nguyên đầu siêu da đầu silk base DDV271224;;17899000;;;;;;
4944188;2000214252439;Hân-2612241;Mái hói siêu da đầu silk base MHNU2612241;;5499000;;;;;;
4944186;2000214252415;;May ngoạm cho khách;;800000;;;;;;
4944185;2000214252408;;đầu đội may của chị Vân;;3000000;;;;;;
4944184;2000214252392;;kem ủ tóc LADYSTARS;;250000;;;;1;;1
4944183;2000214252385;DDN211224;Đầu đội machine weft DDN211224;;6499000;;;;;;
4944182;2000214252378;HUYEN-211224;Mái phủ hói siêu da silk base MHNU211224;;4899000;;;;;;
4944181;2000214252361;SEN-2112241;Đầu đội siêu da silk base DDV2112241;;11899000;;;;;;
4944180;2000214252354;SEN-211224;Đầu đội siêu da silk base DDV211224;;11499000;;;;;;
4944179;2000214252347;BNGOC-181224;Đầu đội siêu da silk base DDV181224;;11899000;;;;;;
4944178;2000214252330;;mái hói sieu da mhnu131224;;4899000;;;;;;
4944175;2000214252309;huyen-61224;Mái hói siêu da đầu Mái hói siêu da đầu khách đặt MHNU051224;;4899000;;;;;;
4944174;2000214252293;;lưới chùm tóc thật;;50000;;;;4;;4
4944173;2000214252286;;Mái hói siêu da đầu khách đặt MHNU051224;;7499000;;;;;;
4944172;2000214252279;TNU31224;TÓC TÉM NỮ TNU31224;;3899000;;;;;;
4944171;2000214252262;DDV0312241;Đầu đội siêu da silk base DDV0312241;;10799000;;;;;;
4944170;2000214252255;MHNA14071;Mái phủ hói mono nam MHNA14071;;4200000;;;;1;;1
4944169;2000214252248;;phí sửa tóc;;4000000;;;;;;
4944168;2000214252231;HUYEN -301124;Mái hói siêu da silk base MHNU301124;;8499000;;;;;;
4944167;2000214252224;MHNU291124;Mái hói siêu da đầu MHNU291124;;5799000;;;;;;
4944166;2000214252217;HÂN-271124;Mái hói siêu da silk base MHNU271124;;4890000;;;;;;
4944165;2000214252200;SEN -271124;Đầu đội siêu da silk base DDV271124;;18899000;;;;;;
4944164;2000214252194;MHNU251124-3;Mái phủ đỉnh silk base 251124;;3899000;;;;;;
4944163;2000214252187;MHNU251124-1;Mái phủ đỉnh siêu da 251124;;4499000;;;;;1;1
4944162;2000214252170;MHNUXoan251124-2;Mái phủ đỉnh xoăn 251124;;4499000;;;;;;
4944161;2000214252163;DDN251124;Đầu đội machine weft 251124;;7699000;;;;;1;1
4944160;2000214252156;HUYEN 221124;Đầu đội siêu da silk base DDV221124;;17899000;;;;;;
4944159;2000214252149;MHNU201124;Mái hói siêu da silk base MHNU201124;;3899000;;;;;;
4944158;2000214252132;DDN201124;Đầu đội siêu machine weft DDN201124;;7499000;;;;1;;1
4944157;2000214252125;MINH 2011241;Đầu đội siêu da silk base DDV2011241;;12980000;12980000;12980000;;;;
4944156;2000214252118;SEN 101124;Đầu đội siêu da silk base DDV201124;;14299000;;;;;;
4944155;2000214252101;MHNA1911241;Mái phủ nam xoáy silk base 15*20;;5099000;;;;1;;1
4944154;2000214252095;MHNA191124;Mái phủ nam xoáy silk base 14*19;;4899000;;;;;;
4944153;2000214252088;MHNU191124;Mái phủ hói 1 ngôi MHNU191124;;2480000;;;;;;
4944152;2000214252071;;Đầu đội siêu da khách đặt làm;;11899000;;;;;;
4944151;2000214252064;MHNU131124;mái hói có ngôi da đầu MHNU131124;;2000000;;;;;;
4944150;2000214252057;SEN 111124;Đầu đội siêu da silk base DDV111124;;16980000;;;;;;
4944149;2000214252040;DDN111124;Đầu đội machine weft DDN111124;;7899000;;;;;;
4944148;2000214252033;TNU111124;Tóc tém siêu da đầu TNU111124;;7899000;;;;;;
4944147;2000214252026;TEM1111;Tém 41;;3899000;;;;;;
4944146;2000214252019;;phụ phí uốn nhuộm 1111;;500000;;;;;;
4944145;2000214252002;;phi móc tóc;;500000;;;;;;
4944144;2000214251999;DDN91124;Đầu đội machine weft DDN91124;;4490000;;;;;1;1
4944143;2000214251982;;phí cọc tóc;;500000;;;;;;
4944142;2000214251975;;Mái hói siêu da đầu silk base MHNU911242;;4899000;;;;;;
4944141;2000214251968;SEN 911241;Mái hói siêu da đầu silk base MHNU911241;;5499000;;;;;;
4944140;2000214251951;HUYỀN 91124;Mái hói siêu da đầu silk base MHNU91124;;5280000;;;;;;
4944139;2000214251944;HUYEN 91124;Đầu đội siêu da silk base DDV91124;;11899000;;;;;;
4944138;2000214251937;MINH 061124;Đầu đội siêu da silk base DDV061124;;12499000;;;;;;
4944137;2000214251920;DDN61124;Đầu đội machine weft DDN61124;;6499000;;;;;;
4944136;2000214251913;HUYEN 051124;Đầu đội siêu da silk base DDV051124;;13899000;;;;;;
4944135;2000214251906;;đầu đội khách đặt 041124;;7899000;;;;;;
4944134;2000214251890;MHNUS3Angoc;Mái hói nữ siêu da S3A;;6499000;;;;;;
4944133;2000214251883;MNHUS3huyen;Mái hói nữ siêu da S3;;5980000;;;;;1;1
4944132;2000214251876;HUYỀN 21124;Đầu đội siêu da silk base DDV21124;;15980000;;;;;;
4944131;2000214251869;;Lược gỡ rối LADYSTARS;;199000;;;;;;
4944130;2000214251852;Trang-311024;Mái hói siêu da đầu silk base 311024;;5799000;;;;;;
4944129;2000214251845;DDN281024;Đầu đội machine weft DDN281024;;6499000;;;;;;
4944128;2000214251838;;mái hói siêu da;;5800000;;;;;;
4944127;2000214251821;DDN251024;Đầu đội machine weft 251024;;6499000;;;;;;
4944126;2000214251814;251024 MINH;Đầu đội siêu da silk base 251024;;16899000;;;;;;
4944125;2000214251807;2510244 sen;mái phủ hói siêu da silk base 2510244;;5280000;;;;;;
4944124;2000214251791;2510243 huyền;Mái phủ hói siêu da silk base 2510243;;5499000;;;;;;
4944123;2000214251784;2510242 huyên;Mái hói siêu da silk base 2510242;;5280000;;;;;1;1
4944122;2000214251777;2510241 Hà;Mái hói siêu da silk base 2510241;;5499000;;;;;1;1
4944121;2000214251760;251024 Bngoc;Mái hói siêu da silk base 251024;;6199000;;;;;;
4944120;2000214251753;DDN231024;Đầu đội machine weft DDN231024;;6299000;;;;;;
4944119;2000214251746;SEN221024-3;Đầu đội siêu da silk base S221024;;11599000;;;;;;
4944118;2000214251739;221024-2;Đầu đội machine weft 221024;;6799000;;;;;1;1
4944116;2000214251715;;mái hói làm cho khách;;2000000;;;;;;
4944115;2000214251708;HÀ DDV1810242;Đầu đội siêu da đầu silk base DDV1810242;;13899000;;;;;;
4944114;2000214251692;HUYEN DDV1810241;Đầu đội siêu da đầu silk base DDV1810241;;11899000;;;;;;
4944113;2000214251685;DDV181024 HÀ;Đầu đội siêu da đầu silk base DDV181024;;15899000;;;;;1;1
4944112;2000214251678;;kem ủ;;250000;;;;;;
4944111;2000214251661;DDV111024;Đầu đội siêu da silk base DDV111024;;12299000;;;;;;
4944110;2000214251654;;TÓC KẸP 9 PHÍM 40CM;;6499000;;;;;;
4944109;2000214251647;DDN101024;Đầu đội machineweft DDN101024;;6299000;;;;;;
4944108;2000214251630;;đầu đội khách đặt DDKĐ;;6299000;;;;;;
4944107;2000214251623;LUOC;LƯỢC GỠ RỐI SIZE S;;99000;;;;;;
4944106;2000214251616;;mái cột;;550000;;;;2;;2
4944105;2000214251609;;búi xoăn;;450000;;;;3;;3
4944104;2000214251593;;Búi tròn to;;500000;;;;5;;5
4944103;2000214251586;;Búi tròn nhỏ;;350000;;;;12;;12
4944102;2000214251579;;Đầu đội ngôi DDN1415;;12899000;;;;;;
4944100;2000214251555;280924-5;tóc cột 180924-5;;3299000;;;;;1;1
4944099;2000214251548;280924-4 huyền;mái che phủ s3 280924-4;;6199000;;;;;1;1
4944098;2000214251531;280924-3;mái che phủ mw 280924-3;;2499000;;;;;;
4944097;2000214251524;280924-2;tém siêu da 280924-2;;7899000;;;;;;
4944096;2000214251517;280924-1;khách gia công kẹp 3 phím yâu cầu;;1000000;;;;;;
4944095;2000214251500;MHNA 210924;mái phủ hói nam siêu da siêu base;;7899000;;;;;;
4944094;2000214251494;SEN-MHNU2009241;Mái siêu da silkbase MHNU2009241;;7499000;;;;;;
4944093;2000214251487;MHNU200924;Mái siêu da mini MHNU200924;;1200000;;;;;;
4944092;2000214251470;;phụ phí uốn nhuộm;;500000;;;;;;
4944091;2000214251463;C140924;Tóc cột khách đặt C140924;;3000000;;;;;;
4944090;2000214251456;;PHÍM PHỒNG 25CM;;375000;;;;1;;1
4944089;2000214251449;TNU0509241;TÉM NỮ TNU0509241;;3899000;;;;;;
4944088;2000214251432;TNU050924;TÉM SIÊU DA ĐẦU TNU050924;;7899000;;;;;;
4944087;2000214251425;MHNU290824;mái hói machine wert MHNU290824;;2299000;;;;;;
4944086;2000214251418;HÀ-MHNU2708248;Mái hói siêu da SILK BASE MHNU2708248;;7499000;;;;;;
4944085;2000214251401;HÀ-MHNU2708247;Mái hói siêu da SILK BASE MHNU2708247;;7099000;;;;;;
4944084;2000214251395;HÀ-MHNU2708246;Mái hói siêu da SILK BASE MHNU2708246;;5980000;;;;;;
4944083;2000214251388;HUYỀN-MHNU2708245;Mái hói siêu da SILK BASE MHNU2708245;;5980000;;;;;;
4944082;2000214251371;HUYỀN-MHNU2708244;Mái hói siêu da SILK BASE MHNU2708244;;5980000;;;;;;
4944081;2000214251364;MINH-MHNU2708243;Mái hói siêu da SILK BASE MHNU2708243;;4899000;;;;;;
4944080;2000214251357;BNGOC-MHNU2708242;Mái hói siêu da SILK BASE MHNU2708242;;5280000;;;;;;
4944079;2000214251340;HUYỀN-MHNU2708241;Mái hói siêu da SILK BASE MHNU2708241;;4899000;;;;;;
4944078;2000214251333;Hà-MHNU270824;Mái hói siêu da SILK BASE MHNU270824;;6199000;;;;;;
4944077;2000214251326;MHNU270824;Mái hói machine weft MHNU270824;;2799000;;;;;;
4944076;2000214251319;C2309241;TÓC CỘT C2309241;;3299000;;;;;;
4944075;2000214251302;C230924;TÓC CỘT C230924;;3299000;;;;;;
4944074;2000214251296;HÀ-DDN2308241;Đầu đội siêu da Silkbase DDN2308241;;12145000;;;;;;
4944073;2000214251289;DDN230824;Đầu đội machine weft DDN230824;;6899000;;;;;;
4944072;2000214251272;L2008;Lược gỡ dối L2008;;99000;;;;8;;8
4944071;2000214251265;DDN1608244;Đầu đội machineweft DDN1608244;;6980000;;;;;;
4944070;2000214251258;DDN1608243;Đầu đội machineweft DDN1608243;;7899000;;;;1;;1
4944069;2000214251241;DDN1608241;Đầu đội machineweft DDN160824;;6200000;;;;1;;1
4944068;2000214251234;DĐV1608241;Đầu đội silk base DĐN160824;;14899000;;;;1;;1
4944067;2000214251227;DĐN160824;Đầu đội pixel DĐN160824;;4980000;;;;7;;7
4944066;2000214251210;TNU160824;tóc tém TNU160824;;3899000;;;;;;
4944065;2000214251203;DDN1508241;Đầu đội machineweft DDN1508241;;6299000;;;;;;
4944064;2000214251197;DDN150824;Đầu đội machineweft DDN150824;;12499000;;;;;;
4944063;2000214251180;KU150824;TÓC KẸP CHỮ U XOĂN KU150824;;8899000;;;;1;;1
4944062;2000214251173;MHNU1508243;Mái hói siêu da silk base MHNU1508243;;2500000;;;;;1;1
4944061;2000214251166;MHNU1508242;Mái hói siêu da silk base MHNU1508242;;2200000;;;;1;;1
4944060;2000214251159;MNHU1508241;MÁI KẸP MNHU1508241;;950000;;;;;;
4944059;2000214251142;MHNU150824;Mái hói siêu da silk base MHNU150824;;3899000;;;;;;
4944058;2000214251135;;mái hói siêu da đầu silk base mhnu1308;;5899000;;;;;;
4944057;2000214251128;HÀ- DDV100824;Đầu đội siêu da silk base DDV100824;;15899000;;;;;;
4944056;2000214251111;HUYỀN- MHNU1008241;Mái hói siêu da đầu silk base MHNU1008241;;5980000;;;;;;
4944055;2000214251104;HUYỀN-MHNU100824;Mái hói siêu da đầu silk base MHNU100824;;7499000;;;;;;
4944054;2000214251098;;TÉM NAM TNA060824;;3499000;;;;;;
4944053;2000214251081;;MÁI PHỦ HÓI SIÊU DA XOĂN;;6100000;;;;;;
4944052;2000214251074;DDKĐ060824;Đầu đội siêu da khách đặt DDKĐ060824;;15649000;;;;;;
4944051;2000214251067;TNU050824;TÓC TÉM SIÊU DA MONO TNU050824;;7899000;;;;;;
4944050;2000214251050;Huyen290724-2;Mái MHNU 290724-2;;5280000;;;;;;
4944049;2000214251043;Huyen290724-1;Mái MHNU 290724-1;;6299000;;;;;;
4944048;2000214251036;050824-4;mái hói nữ 050824-4;;5800000;;;;;;
4944047;2000214251029;Minh050824-3;mái hói nữ 050824-3;;5899000;;;;;1;1
4944046;2000214251012;050824-2;mái hói nữ 050824-2;;3899000;;;;;3;3
4944045;2000214251005;050824-1;mái hói nữ 050824-1;;3499000;;;;;;
4944044;2000214250992;;ĐẦU ĐỘI SỬA CHO KHÁCH;;1500000;;;;;;
4944043;2000214250985;MHNU0108242;MÁI PHỦ HÓI SIÊU DA MHNU0108242;;5800000;;;;;;
4944042;2000214250978;MHNU0108241;MÁI PHỦ HÓI SIÊU DA MHNU0108241;;2799000;;;;2;;2
4944041;2000214250961;MHNU010824;MÁI PHỦ HÓI SIÊU DA MHNU010824;;2499000;;;;3;1;4
4944040;2000214250954;;KEM Ủ TÓC;;250000;;;;;;
4944039;2000214250947;;Đầu đội may tóc của khách;;3500000;3500000;;;;;
4944038;2000214250930;TNU300724;Tóc tém siêu da đầu TNU300724;;7899000;;;;;;
4944037;2000214250923;;ĐẶT CỌC TÓC;;1000000;;;;;;
4944036;2000214250916;MHNU2607242;Mái phủ 1 ngôi MHNU2607242;;4299000;;;;;;
4944035;2000214250909;DDV2607241;Đầu đội siêu da silk base DDV2607241;;10899000;;;;;;
4944034;2000214250893;HUYỀN-2607241;Mái phủ hói siêu da silk base MHNU2607241;;5980000;;;;;;
4944033;2000214250886;HÀ-S3A260724;Mái phủ hói siêu da silk base MHNU260724;;5899000;;;;;;
4944032;2000214250879;HUYỀN-260724;Đầu đội siêu da silk base DDV260724;;10899000;;;;;;
4944031;2000214250862;MHNU260724;mái hói siêu da mini MHNU260724;;1200000;;;;;;
4944030;2000214250855;MT250724;MÁI THƯA 250724;;250000;;;;19;;19
4944029;2000214250848;HUYỀN-2407244;Mái phủ hói siêu da silk base MHNU2407244;;6299000;;;;;;
4944028;2000214250831;HÀ-2407243;Mái hói siêu da silk base MHNU2407243;;7899000;;;;;;
4944027;2000214250824;MINH-2407242;Mái hói siêu da silk base MHNU2407242;;5499000;;;;;;
4944026;2000214250817;HUYỀN-2407241;Mái hói siêu da silk base MHNU2407241;;5280000;;;;;;
4944025;2000214250800;HÀ-240724;Mái hói siêu da silk base MHNU240724;;4980000;;;;;;
4944024;2000214250794;150724-3;kẹp phím 50cm 3 phím;;5049000;;;;;;
4944023;2000214250787;150724-2;kẹp phím 40cm 3 phím;;3999000;;;;;;
4944022;2000214250770;150724-1;kẹp phím 35cm 3 phím;;3229000;;;;;1;1
4944021;2000214250763;DĐN100724;Đầu đội machine weft DĐN100724;;6499000;;;;;;
4944020;2000214250756;MINH-MHNU1007241;Mái hói siêu da silk base MHNU1007241;;5280000;;;;;;
4944019;2000214250749;HÀ-MHNU100724;Mái hói siêu da silk base MHNU100724;;5280000;;;;;;
4944017;2000214250725;SEN DDV0507241;Đầu đội siêu da SILK BASE DDV0507241;;11299000;;;;;;
4944016;2000214250718;HUYỀN DDV050724;Đầu đội siêu da khách đặt DDV050724;;11899000;;;;;;
4944015;2000214250701;;hấp mái hói 0307;;100000;;;;;;
4944014;2000214250695;;tóc may dd cho khách;;2800000;;;;;;
4944013;2000214250688;MINH 020724-2;đầu đội siêu da silkbase 020724;;11800000;;;;;;
4944012;2000214250671;020724-1;đầu đội ngôi 020724;;4980000;;;;;1;1
4944011;2000214250664;DDN2806241;Đầu đội machine weft DDN2806241;;7899000;;;;;;
4944010;2000214250657;DDN280624;Đầu đội machineweft DDN280624;;6899000;;;;;;
4944009;2000214250640;HUYỀN  DDV280624;Đầu đội siêu da silk base DDV280624;;12499000;;;;;;
4944008;2000214250633;HÀ 220624-2;đầu đội siêu da silkbase 220624;;12899000;;;;;;
4944007;2000214250626;220624-1;đầu đội ngôi 220624;;6499000;;;;;1;1
4944006;2000214250619;DDN200624;Đầu đội machine weft DDN200624;;6799000;;;;;;
4944005;2000214250602;180624ddn;đầu đội ngôi 180624;;4980000;;;;;;
4944004;2000214250596;MHNU1806-24;mái hói siêu da đầu silk base MHNU1806-24;;5980000;;;;;;
4944003;2000214250589;DDX18061-24;Đầu đội xoáy machine weft DDX18061-24;;5499000;;;;;;
4944002;2000214250572;DDX1806-24;Đầu đội xoáy machine weft DDX1806-24;;3499000;;;;1;;1
4944001;2000214250565;HUYỀN DDV170624;Đầu đội siêu da silk base DDV170624;;11299000;;;;;;
4944000;2000214250558;MHNU14-0624;Đầu đội khách đặt làm MHNU14-0624;;10899000;;;;;;
4943999;2000214250541;;MÓC THÊM TÓC MÁI HÓI CHO KHÁCH + HẤP DƯỠNG;;500000;;;;;;
4943998;2000214250534;MHNU1206;MAY MÁI HÓI CHO KHÁCH + NHUỘM;;1700000;;;;;;
4943997;2000214250527;MHNU2607241;Mái phủ siêu da 1 ngôi MHNU2607241;;2699000;;;;1;;1
4943995;2000214250503;DDN110624;Đầu đội pixel Đầu đội pixel DDN110624;;4980000;;;;;;
4943994;2000214250497;;TÓC TÉM;;3899000;;;;;;
4943993;2000214250480;DDV050624;Đầu đội khách đặt DDV050624;;15899000;;;;;;
4943992;2000214250473;;PHÍ CỌC TÓC KẸP;;500000;;;;;;
4943991;2000214250466;;phí hấp tóc;;200000;;;;;;
4943990;2000214250459;MHNU280524;Mái hói siêu da đầu xoăn MHNU280524;;6199000;;;;;;
4943989;2000214250442;MHNU210524;Mái hói khách đặt làm MHNU210524;;3000000;;;;;;
4943988;2000214250435;MHNU170523;Mái hói siêu da đầu silk base MHNU170523;;5899000;;;;;;
4943987;2000214250428;DĐN1705241;Đầu đôi machine weft DĐN1705241;;6499000;;;;;;
4943986;2000214250411;DĐN170524;Đầu đôi machine weft DĐN170524;;6299000;;;;;;
4943985;2000214250404;150524-3mhnu;mái che phủ mini 150524-3;;1200000;;;;;;
4943984;2000214250398;150524-2dd;đầu đội ngôi 150524-2;;6299000;;;;;;
4943983;2000214250381;150524-1dd;đầu đội ngôi 150524-1;;6499000;;;;;;
4943982;2000214250374;MHNU1305;Mái phủ siêu da mini MHNU1305;;1200000;;;;;;
4943981;2000214250367;DDN13051;Đầu đội machine weft DDN13051;;6499000;;;;;;
4943980;2000214250350;DDN1305;Đầu đội machine weft DDN1305;;6299000;;;;;;
4943979;2000214250343;130524-2mhnu;Mái che phủ siêu da 130524-2;;8899000;;;;;;
4943978;2000214250336;130524-1mhnu;Mái che phủ siêu da 130524-1;;5280000;;;;;;
4943977;2000214250329;MHNU100524;Mái hói siêu da đầu silk base MHNU100524;;7899000;;;;;;
4943976;2000214250312;DDV100524;Đầu đội nguyên đầu siêu da đầu silk base DDV100524;;15899000;;;;;;
4943975;2000214250305;TNA1005241;Tém nam TNA1005241;;3299000;;;;;;
4943974;2000214250299;TNA100524;Tém nam TNA100524;;3499000;;;;;;
4943973;2000214250282;MHNU270124;Mái hói siêu da đầu silk base MHNU270124;;5499000;;;;;;
4943972;2000214250275;ĐDN270424;Đầu đội machine weft ĐDN270424;;6499000;;;;;;
4943971;2000214250268;;mái phủ siêu da đầu 1 ngôi;;2000000;;;;;;
4943970;2000214250251;MHNU0204241;Mái hói siêu da đầu SILKBASE MHNU0204241;;5280000;;;;;;
4943969;2000214250244;MHNU020424;Mái hói siêu da đầu SILKBASE MHNU020424;;6499000;;;;;;
4943968;2000214250237;MHNU260324;mái hói siêu da đầu silk base MHNU260324;;6980000;;;;;;
4943967;2000214250220;260324;mhnu khách đặt theo yêu cầu;;5899000;;;;;;
4943966;2000214250213;220324-4;MHNU 220324-4;;7799000;;;;;;
4943965;2000214250206;220324-3;MHNU 220324-3;;7099000;;;;;;
4943964;2000214250190;220324-2;NGÔI 220324-2;;4620000;;;;;;
4943963;2000214250183;220324-1;XOĂN 220324-1;;5060000;;;;;1;1
4943962;2000214250176;MHNA193249;Mái phủ nam xoáy silk base 16*21  MHNA193249;;5799000;;;;;;
4943961;2000214250169;MHNA193248;Mái phủ nam xoáy silk base 16*18 MHNA193248;;5499000;;;;;;
4943960;2000214250152;MHNA193247;Mái phủ nam xoáy silk base 15*20 MHNA193247;;5099000;;;;1;;1
4943959;2000214250145;MHNA193246;Mái phủ nam xoáy silk base 14*19 MHNA193246;;4899000;;;;;;
4943958;2000214250138;MHNA193245;Mái phủ nam MONO 15*20 MHNA193245;;6899000;;;;;;
4943957;2000214250121;MHNA193244;Mái phủ nam silk base 14*19 MHNA193244;;6599000;;;;1;;1
4943956;2000214250114;MHNA193243;Mái phủ nam MONO 18*20 MHNA193243;;5499000;;;;;;
4943955;2000214250107;MHNA193242;Mái phủ nam MONO 16*18 MHNA193242;;5280000;;;;;;
4943954;2000214250091;MHNA193241;Mái phủ hói nam MONO 14*19 MHNA193241;;4500000;;;;;;
4943953;2000214250084;MHNA19324;Mái phủ hói nam MONO 15*20 MHNA19324;;4800000;;;;1;;1
4943952;2000214250077;TNA1203241;TÉM NAM SIÊU DA TNA1203241;;8600000;;;;1;;1
4943951;2000214250060;MHNU1203241;Mái hói siêu da đầu SILK BASE MHNU1203241;;5280000;;;;;;
4943950;2000214250053;MHNU120324;Mái hói siêu da đầu SILK BASE MHNU120324;;7099000;;;;;;
4943949;2000214250046;TNU120324;Tém nữ TNU120324;;3899000;;;;;;
4943948;2000214250039;TNA120324;Tém nam TNA120324;;3199000;;;;;;
4943947;2000214250022;DĐN12324;Đầu đội machine weft DĐN12324;;6499000;;;;;;
4943946;2000214250015;DĐN123241;Đầu đội machine weft xoăn DĐN123241;;5060000;;;;;;
4943945;2000214250008;110324-8;tóc kẹp 40cm 3 phím 110324-8;;3999000;;;;;;
4943944;2000214249996;110324-7;tóc kẹp 40cm 6 phím 110324-7;;5249000;;;;;;
4943943;2000214249989;110324-6;tóc kẹp 45cm 6 phím 110324-6;;5979000;;;;;;
4943942;2000214249972;110324-5;tóc kẹp 45cm 3 phím 110324-5;;4519000;;;;;;
4943941;2000214249965;110324-4;Đầu đội machine weft 110324-4;;6499000;;;;;;
4943940;2000214249958;110324-3;Mái che phủ siêu da silkbase 110324-3;;7099000;;;;;;
4943939;2000214249941;110324-2;Mái che phủ siêu da silkbase 110324-2;;6980000;;;;;;
4943938;2000214249934;110324-1;Đầu đội machine weft 110324-1;;7980000;;;;;;
4943937;2000214249927;;Mái hói siêu da đầu silk base;;5899000;;;;;;
4943936;2000214249910;MHNU0503241;MÁI PHỦ HÓI SIÊU DA ĐẦU SILK BASE MHNU0503241;;7099000;;;;;;
4943935;2000214249903;MHNU050324;MÁI PHỦ HÓI SIÊU DA ĐẦU SILK BASE MHNU050324;;6980000;;;;;;
4943934;2000214249897;K0503242;Tóc kẹp 3 phím 60cm K0503242;;6399000;;;;;;
4943933;2000214249880;K0503241;Tóc kẹp 9 phím 55cm K0503241;;9629000;;;;;;
4943932;2000214249873;K050324;Tóc kẹp 9 phím 45cm K050324;;7429000;;;;;;
4943931;2000214249866;;phí ship nước ngoài;;1824000;;;;;;
4943930;2000214249859;DDKD280224;Đầu khách nước ngoài đặt DDKD280224;;6800000;;;;;;
4943929;2000214249842;;Đầu đội khách đặt DDKD270224;;6899000;;;;;;
4943928;2000214249835;270224-3;Mái che phủ siêu da silkbase 270224-3;;6799000;;;;;;
4943927;2000214249828;270224-2;Mái che phủ siêu da silkbase 270224-2;;6499000;;;;;;
4943926;2000214249811;270224-1;Đầu đội siêu da silkbase 270224-1;;16899000;;;;;;
4943925;2000214249804;DDV240224;Đâu độiu siêu da đầu silk base DDV240224;;16980000;;;;;;
4943924;2000214249798;KU220224;KẸP U THẲNG 55CM KU220224;;8699000;;;;1;;1
4943923;2000214249781;;Đầu đội machine weft DDN200224;;9899000;;;;;;
4943922;2000214249774;220224-3;Mái che phủ 35cm 220224-3;;5280000;;;;;;
4943921;2000214249767;220224-2;Mái che phủ 50cm 220224-2;;6799000;;;;;;
4943920;2000214249750;220224-1;Mái che phủ mini 220224-1;;1200000;;;;;;
4943919;2000214249743;DDN170224;Tóc khách đặt làm DDN170224;;6800000;;;;;;
4943917;2000214249729;MHNU1702244;Mái hói siêu da đầu Silk base MHNU1702244;;6799000;;;;;;
4943916;2000214249712;MHNU1702243;Mái phủ hói siêu da silk base MHNU1702243;;8799000;;;;;;
4943915;2000214249705;MHNU1702241;Mái phủ hói siêu da silk base MHNU1702241;;9799999;;;;;;
4943914;2000214249699;MHNU170224;MÁI HÓI SIÊU DA ĐẦU SILK BASE MHNU170224;;7799000;;;;;;
4943912;2000214249675;MHNU160224;Mái phủ hói siêu da mini MHNU160224;;1200000;;;;;;
4943907;2000214249620;MHNU310124;Mái hói siêu da silk base MHNU310124;;5280000;;;;;;
4943904;2000214249590;DDV2601241;Đầu đội siêu đầu silk base DDV2601241;;14899000;;;;;;
4943903;2000214249583;DDV260124;Đầu đội siêu đầu silk base DDV260124;;11399000;;;;;;
4943899;2000214249545;220124-2 ddn;Đầu đội machine weft 220124-2;;7899000;;;;;;
4943898;2000214249538;220124-1 dd;Đầu đội siêu da silkbase 220124-1;;11980000;;;;;;
4943896;2000214249514;MHNU2001243;MÁI HÓI SIÊU DA ĐẦU MHNU2001243;;2899000;;;;2;;2
4943895;2000214249507;MHNU2001242;MÁI HÓI SIÊU DA ĐẦU SILK BASE MHNU2001242;;3899000;;;;;;
4943894;2000214249491;;MÁI HÓI SIÊU DA ĐẦU SILK BASE MHNU2001241;;7099000;5899000;;;;;
4943893;2000214249484;MHNU200124;MÁI HÓI SIÊU DA ĐẦU SILK BASE MHNU200124;;6980000;;;;;;
4943892;2000214249477;MÁI DÀY MD200124;MÁI DÀY MD200124;;450000;;;;4;;4
4943891;2000214249460;DDV200124;Đầu đội siêu da đầu silk base DDV200124;;17499000;;;;;;
4943890;2000214249453;DDN1501241;Đầu đội machineweft DDN1501241;;7899000;;;;;;
4943887;2000214249422;ddn130124-3;Đầu đội machine 130124-3;;6499000;;;;;;
4943886;2000214249415;mhnu130124-2;Mái che phủ silkbase 130124-2;;3499000;;;;;;
4943885;2000214249408;mhnu130124-1;Mái che phủ silkbase 130124-1;;3899000;;;;;;
4943884;2000214249392;DDN100124;Đầu đội machine weft DDN100124;;6899000;;;;1;;1
4943883;2000214249385;DDV0901241;Đầu đội siêu da đầu silk base DDV0901241;;11299000;;;;;;
4943882;2000214249378;DDN140524;Đầu đội machine weft DDN140524;;8980000;;;;;;
4943881;2000214249361;MHNU0901232;Mái phủ hói siêu da MHNU0901232;;3499000;;;;;;
4943880;2000214249354;MHNU0901231;Mái phủ hói siêu da MHNU0901231;;3899000;;;;;;
4943879;2000214249347;MHNU090124;MAI HÓI SIÊU DA MHNU090124;;5499000;;;;;;
4943876;2000214249316;;keo dán mái nam;;;;;;;;
4943875;2000214249309;;Đầu đội machine weft DDN2812232;;7899000;;;;;;
4943873;2000214249286;MHNU281223;Mái hói siêu da đầu silk base MHNU281223;;7499000;;;;;;
4943869;2000214249248;DDX151223;Đầu đội xoáy DDX151223;;4299000;;;;1;;1
4943868;2000214249231;TNU151223;TÉM NỮ TNU151223;;3899000;;;;;;
4943866;2000214249217;ddn 091223-2;đầu đội ngôi machine 091223-2;;9499000;;;;;;
4943864;2000214249194;mhnu091223-2;Mái che phủ silkbase 091223-2;;5899000;;;;;;
4943860;2000214249156;DDN041223;Đầu đội machineweft DDN041223;;8499000;;;;;;
4943859;2000214249149;TNA041223;Tém nam siêu da đầu mono TNA041223;;8600000;;;;;;
4943858;2000214249132;DDN2111;Đầu đội ngôi DDN2111;;5899000;;;;;;
4943857;2000214249125;DDN181123;Đầu đội ngôi DDN181123;;10599000;;;;;;
4943853;2000214249088;DDV161123;Đầu đội siêu da đầu silk base DDV161123;;11299000;;;;;;
4943852;2000214249071;MHNU1411231;Mái phủ hói silk base MHNU1411231;;3899000;;;;;;
4943851;2000214249064;MHNU141123;Mái hói siêu da đầu silk base MHNU141123;;5800000;;;;;;
4943848;2000214249033;DDV231023;Đầu đội siêu da đầu silk base DDV231023;;17280000;;;;;;
4943842;2000214248975;0111232;mái hói nữ siêu da 232;;6499000;;;;;;
4943841;2000214248968;0111231;mái hói nữ siêu da 231;;5280000;;;;;;
4943839;2000214248944;MHNU261023;Mái hói siêu da đâu silk base MHNU261023;;8099000;;;;;;
4943835;2000214248906;MHNU191023;Mái hói machine weft MHNU191023;;2800000;;;;;;
4943825;2000214248807;;xịt dưỡng tóc XD41023;;199000;;;;;;
4943814;2000214248692;DDN1908232;Đầu đội machine DDN1908232;;10899000;;;;;;
4943813;2000214248685;TNU190823;Tóc tém nữ TNU190823;;3899000;;;;;;
4943812;2000214248678;DDN1908231;Đầu đội machine weft DDN1908231;;5299000;;;;;;
4943811;2000214248661;DDV190823;Đầu đội siêu da đầu silk base DDV190823;;12899000;;;;;;
4943809;2000214248647;DDN190823;Đầu đội machine weft DDN190823;;6899000;;;;;;
4943806;2000214248616;;Tóc kẹp 6 phím 55cm K55601;;7639000;;;;;;
4943805;2000214248609;K50601;Tóc kẹp 6 phím 50cm K50601;;6779000;;;;;;
4943804;2000214248593;K456011;Tóc kẹp 6 phím 45cm K45601;;5979000;;;;;;
4943803;2000214248586;K55301;Tóc kẹp 3 phím 55cm K55301;;5639000;;;;;;
4943802;2000214248579;;Tóc kẹp 3 phím 50cm K50301;;5049000;;;;;;
4943801;2000214248562;K45301;Tóc kẹp 3 phím 45cm K45301;;4519000;;;;;;
4943800;2000214248555;DDV1208232;Đầu đội siêu da đầu silk base DDV1208232;;12899000;;;;;;
4943799;2000214248548;DDV1208231;Đầu đội siêu da đầu silk base DDV1208231;;11899000;;;;;;
4943795;2000214248500;TNA040823;Tém nam siêu da đầu mono TNA040823;;8600000;;;;1;;1
4943792;2000214248470;;hấp mái hói;;100000;;;;;;
4943788;2000214248432;DDN120723;Đầu đội machine weft DDN120723;;4620000;;;;;;
4943786;2000214248418;TNA120723;TÉM NAM TNA120723;;3499000;;;;;;
4943767;2000214248227;N502102;NGOẠM XOĂN N502102;;5899000;;;;1;;1
4943765;2000214248203;K4062102;Tóc kẹp 3 phím 35cm K4062102;;3129000;;;;;;
4943761;2000214248166;DDN2402;Đầu đội machine weft DDN2402;;12800000;;;;;;
4943759;2000214248142;;Mái phủ 3in1;;1980000;;;;;;
4943754;2000214248098;DDN07031;Đầu đội xoáy machine weft DDN07031;;4600000;;;;;;
4943753;2000214248081;DDN020424;Đầu đội khách đặt DDN020424;;6200000;;;;;;
4943748;2000214248036;DDN18041;Đầu đội machine weft DDN18041;;6200000;;;;;;
4943745;2000214248005;MHNU1804;Mái hói siêu da đầu silk base MHNU1804;;5980000;;;;;;
4943742;2000214247978;MHNU18043;Mái hói siêu da MHNU18043;;5800000;;;;;;
4943739;2000214247947;MHNA3105;Mái nam siêu da đầu mono MHNA3105;;4500000;;;;;;
4943738;2000214247930;DDN3105;Đầu đội may máy machine weft DDN3105;;7299000;;;;;;
4943736;2000214247916;MHNUT050623;Mái phủ hói dành cho tóc tém MHNUT050623;;950000;;;;;;
4943731;2000214247862;ddv300523;Đầu đội siêu da 300523;;8899000;;;;;;
4943719;2000214247749;MHNU190424;Mái phủ hói siêu da đầu 1 ngôi MHNU190424;;2000000;;;;;;
4943696;2000214247510;;Đầu đội xoáy machine weft 0605;;4600000;;;;;;
4782310;2000214247428;MHNU 00504;Mái Phủ Silk Base 00504;;5899000;;;;;;
4671802;2000010959938;DDNU 080004;Đầu đội machine weft 080004;;7799000;;;;;;
4671794;2000010959853;DDNU 08004;Đầu đội machine weft 08004;;7199000;;;;;;
4599388;2000010719136;M 0404;Mái chữ M 0404;;1600000;;;;1;;1
4588716;2000010675074;GỘI 001;phụ thu phí gội 001;;100000;;;;;;
4016908;2000009391558;MHNA 005;Mái phủ mono 005;;5280000;;;;;;
4016903;2000009391503;MHNA 004;Mái phủ mono 0004;;4950000;;;;;;
3905549;2000008774024;DDNU 0703;Đầu đội machine weft 0703;;4620000;;;;;;
3905473;2000008773393;TEM 0703;Tém nữ 0703;;3899000;;;;1;;1
3814862;2000008563642;TKP 01;Tóc kẹp phím tàng hình 01;;3000000;;;;1;;1
3814808;2000008563550;M 005;Mái hói chữ M 005;;2800000;;;;1;;1
3814509;2000008563178;M 004;Mái hói chữ M 004;;2500000;;;;1;;1
3814128;2000008563154;M 003;Mái hói chữ M 003;;1899000;;;;1;;1
3813963;2000008563147;M 002;mái hói chữ M 002;;2000000;;;;1;;1
3813749;2000008562935;M 001;mái hói chữ M 001;;1800000;;;;1;;1
3813467;2000008561600;Ngoạm Xoăn 02;Tóc Ngoạm 02;;5899000;;;;;1;1
3811252;2000008552479;DDV020323-1;Đầu Đội siêu da Silk Base 020323-1;;18480000;;;;;1;1
3688781;2000008202596;PHỤ PHÍ 2502;Phụ thu phí nhuộm  2502;;500000;;;;;;
3683080;2000008197243;DDNU 2502;Đầu đội machine Weft 2502;;11800000;;;;;;
3653984;2000008129909;NG230223;Tóc Ngoạm NG230223;;6499000;;;;;1;1
3653976;2000008129855;DD40-230223;Mái phủ machine weff DD40-230223;;10800000;;;;;;
3653974;2000008129848;DD50-230223;Mái phủ machine weff DD50-230223;;11800000;;;;;;
3114462;2000006670823;TLV451601234;TÓC LÔNG VŨ 451601234 ĐEN;;15000;;;;;-280;-280
3114461;2000006670816;TLV601601233;TÓC LÔNG VŨ 601601233 ĐEN;;22000;;;;;-100;-100
3112619;2000006664136;LUOC 1501;Lược 1501;;119000;;;;1;;1
3112611;2000006664051;TLV 45-01;Tóc lông vũ 45-01;;15000;;;;;;
3112525;2000006663658;TOC KEP 3-45cm;Tóc kẹp;;4970000;;;;;;
3082142;2000006576200;DDNU 1001;Đầu đội machine weft 1001;;9600000;;;;;;
3054871;2000006501974;DDNU 0701;Đầu đội may máy machine weft 0701;;9699000;;;;1;;1
3054851;2000006501967;DDNU 07;Đầu đội machine weft 07;;8899000;;;;;;
3048046;2000006475923;DDNU 060123;Đầu đội machine weft 060123;;4620000;;;;;;
3025917;2000006449405;DDNU 0501;Đầu đội machine weft 0501;;17899000;;;;;;
2905258;2000006129994;;Mái phủ mono;;4500000;;;;;;
2905249;2000006129970;MPNA 26;mái phủ nam 26;;3800000;;;;1;;1
2905247;2000006129963;TNU190424;Tóc tém TNU190424;;3200000;;;;1;;1
2898250;2000006092939;DDNU 25-12;Đầu đội siêu da đầu Mono 25-12;;8500000;;;;1;;1
2898157;2000006092779;DDNU 25;Đầu đội TẨY 25;;15899000;;;;;;
2794984;2000005763571;TLV 17-50cm;Tóc lông vũ 17 - 50cm;;18000;;;;;;
2794480;2000005763304;TLV 45;Tóc Lông Vũ 45cm;;15000;;;;;;
2735534;2000005576690;MHN 401;Mái Phủ Nam MHN401;;4500000;;;;;;
2731399;2000005566349;Giá;Giá phơi tóc;;50000;;;;28;;28
2715042;2000005491306;MHNU2010;MÁI HÓI NỮ MHNU2010;500;900000;2000000;2000000;;1;;1
2681522;2000005393037;MHNA 00712;mái phủ nam 00712;;1999000;;;;;;
2681124;2000005392733;MPNA 007;Mái Phủ Nam 07;;5799000;;;;;;
2681112;2000005392726;MPNA 07;Mái Phủ Nam 0712;;4500000;;;;1;;1
2532788;2000004926021;TN 0311;Tóc Ngoạm 0311;;4200000;;;;;;
2509829;2000004863395;MHN 112;Mái hói nữ 112;;2800000;;;;1;;1
2509788;2000004863364;DDNU 2211;đầu đội xoáy machine weft 2211;;2800000;;;;;;
2398182;2000004757939;DDNU 11;Đầu đội xoáy machine weft 11;;6200000;;;;;;
2326361;2000004629465;KEO 1411;Keo dán Ladystars 1411;;450000;;;;;;
2325791;2000004627515;MPNA 14;Mái phủ nam 14;;1999000;;;;;;
2312783;2000004570897;PHỤ PHÍ;phụ thu phí tóc hấp;;200000;;;;;;
2300281;2000004531683;DDNU 09110;Đầu đội machine weft 09110;;6200000;;;;;;
2274306;2000004407643;N4200;NGOẠM N4200;500;4200000;4200000;4200000;;;1;1
2230604;2000004212285;PP0211;phím phồng 0211;;380000;;;;;3;3
2183334;2000004070274;DDV 908;ĐẦU ĐỘI MACHINE WEFT DD908;500;8499000;9800000;8499000;;;;
2173814;2000004019006;DMH 2710;dán mái hói 2710;;2200000;;;;2;;2
2173748;2000004018689;MHNU 02710;mái hói nữ 02710;;1000000;;;;;;
2173747;2000004018665;MHNU 2710;Mái hói nữ 2710;;900000;;;;1;;1
2156136;2000003950782;DMH;dán mái hói;;15000;;;;3;;3
2108446;2000003832422;TNU1904231;TÉM NỮ TNU1904241;;3499000;;;;;;
2096863;2000003792214;DDN440;ĐẦU ĐỘI NGÔI 440;;4200000;4200000;4200000;;;;
2096802;2000003792030;B500;BÚI HOA TRÒN B500;;500000;500000;500000;;;;
2096801;2000003792023;K3510;KẸP 3 PHÍM K3510;;3129000;3129000;3129000;;;;
2096797;2000003791989;C5002;CỘT ĐUÔI 5002;;5800000;5800000;5800000;;;1;1
2096793;2000003791941;TÉM NỮ TNU1904242;TÉM NỮ TNU1904242;;3200000;3800000;;;;;
2096791;2000003791927;TNU3800;TÉM NỮ 3800;;3899999;3894285;3899999;;;;
2096790;2000003791910;VIC304;VÍC305;;3800000;3800000;3800000;;1;;1
2096779;2000003791804;DDN860;ĐẦU ĐỘI NGÔI 860;;8800000;8800000;8800000;;;;
2096776;2000003791774;DDN1010;ĐẦU ĐỘI NGÔI 1010;;10800000;10800000;10800000;;1;;1
2096775;2000003791767;HÀ-DDV280924;ĐẦU ĐỘI NGÔI DDV280924;;13899000;14800000;13899000;;;;
1956558;2000003291021;LDD;Lưới đội đầu 01;;50000;;;;;;
1914961;2000003161478;DDN1381;Đầu đội machine weft 1381;;13800000;;;;;;
1889401;2000003068852;MPNU 26009;Mái phủ Mono 26009;;2500000;;;;1;;1
1889397;2000003068838;MPNU  60CM 2609;Mái phủ Mono 60cm 2609;;3000000;;;;1;;1
1833224;2000002945345;TK6P 1909;Tóc kẹp 6 phím 40cm 1909;;5249000;;;;;;
1750111;2000002679998;PP380;Phím phồng 380;;380000;;;;1;-1;
1728485;2000002594185;;Đầu đội thẳng machine weft DT55011;;14899000;;;;;;
1691629;2000002492306;MHNA M01;MAI HOI CHU M 01;;1600000;;;;1;;1
1691503;2000002491613;MHNA 403;MHN 403;;5280000;;;;;;
1675116;2000002458227;TNU 300;Tém nữ 300;;3899000;;;;;1;1
1675109;2000002458173;DD 400;Đầu đội xoáy machine weft 400;;5060000;4600000;;;;1;1
1500700;2000002407904;XITDUONGHCM;Xịt dưỡng tóc LADYSTARS;;199000;;;;;;
1500695;2000002407867;LUOT;Lượt gỡ rối;;119000;;;;;23;23
1455604;2000002360438;;Lược gỡ rối;;119000;;;;;;
1446567;2000002347712;DDN 3;Đầu đội may máy machine weft 3;;3800000;3800000;1900000;;1;;1
1446556;2000002347682;MHNU 2;Mái phủ hói 2;;2500000;;;;1;;1
1446529;2000002347675;C190424;tóc cột C190424;;5200000;;;;;;
1002548;2000001795446;KU6001;KẸP U XOĂN 60CM;;10299000;;;;1;;1
1002547;2000001795439;N190424;TÓC NGOẠM 190424;;8990000;;;;;;
938422;2000001744956;TNU 355;Tém nữ 355;;3899000;;;;;;
938412;2000001744901;TNU 350;Tém nữ 350;;3200000;;;;;;
870511;2000001587744;DDN 410;Đầu đội may máy machine weft 410;;6199000;;;;1;;1
845056;2000001570913;K190424;TÓC KẸP 9 PHÍM 60CM K190424;;11599000;;;;1;;1
747111;2000001388150;DDV 1405;Đầu đội da đầu Mono Ladystars 1405;;14800000;;;;;;
489216;2000000919362;TNU411;TÉM NỮ 411;;3499000;;;;;;
482484;2000000917870;TNA1;TÉM NAM 1;;2500000;;;;;;
482482;2000000917863;TNA4;TÉM NAM 4;;3400000;;;;;1;1
482469;2000000917795;DDN392;TÉM NỮ 392;;3499000;;;;;;
482464;2000000917764;TNU45;TÉM NỮ 45;;3899000;;;;;;
482462;2000000917757;TNU54;TÉM NỮ 54;;3699000;;;;;;
482453;2000000917719;TNU94;TÉM NỮ 94;;3899000;;;;;1;1
482451;2000000917702;TNU55;TÉM NỮ 55;;3899000;;;;;;
482450;2000000917696;DDN379;TÉM NỮ 379;;3899000;;;;;1;1
482447;2000000917672;TNU7;TÉM NỮ 7;;3899000;;;;;;
482445;2000000917665;TNU49;TÉM NỮ 49;;3499000;;;;;;
482439;2000000917627;TNU4;TÉM NỮ 4;;3899000;;;;;;
482424;2000000917580;TNU90;TÉM NỮ 90;;3499000;;;;;;
482420;2000000917566;TNU89;TÉM NỮ 89;;3499000;;;;;;
482418;2000000917559;TNU75;TÉM NỮ 75;;3499000;;;;;;
482414;2000000917528;TNU95;TÉM NỮ 95;;3899000;;;;;;
482406;2000000917481;DDN391;TÉM NỮ 391;;3499000;;;;;1;1
482401;2000000917450;DDN372;TÉM NỮ 372;;3800000;;;;;;
461480;2000000907963;MHNU130;Mái Phủ Hói Nữ Mono Ladystars 130;;2000000;;;;;;
461476;2000000907932;MHNA2;Mái Phủ Hói Nam Silk Base 2;;1800000;;;;;;
461475;2000000907925;MHNA3;Mái Phủ Hói Nam Silk Base 3;;1800000;;;;;;
461471;2000000907888;MHNA82;Mái Phủ Hói Nam siêu da Silk Base 82;500;4200000;;;;;;
461470;2000000907871;MHNA11;Mái Phủ Hói Nam siêu da Silk Base 11;;3800000;;;;;;
461469;2000000907864;MHNA10;Mái Phủ Hói Nam siêu da Silk Base 10;;4800000;;;;;;
461458;2000000907765;TNA6;Đầu Đội siêu da Silk Base Ladystars 6;;8800000;;;;;;
461456;2000000907741;TNA5;Đầu Đội Mono Ladystars 5;;6800000;;;;;1;1
461445;2000000907635;DDX333;Đầu Đội Xoáy Machine Weft 333;;4800000;;;;;;
461422;2000000907444;DDN910;Đầu Đội May Máy Machine Weft 910;;9600000;;;;;;
461421;2000000907437;DDN101;Đầu Đội May Máy Machine Weft 101;;5500000;;;;;;
461381;2000000907079;PP9;PHÍM PHỒNG 9;;550000;;;;;;
461378;2000000907055;PP7;PHÍM PHỒNG 7;;550000;;;;;;
461375;2000000907024;PP4;PHÍM PHỒNG 4;;550000;;;;;;
461373;2000000907000;PP2;PHÍM PHỒNG 2;;550000;;;;;;
461372;2000000906997;PP1;PHÍM PHỒNG 1;;550000;;;;;;
461357;2000000906867;MN5;MÁI NGỐ 5;;350000;;;;;-1;-1
461349;2000000906782;MMA16;MÁI MARUKO 16;;350000;;;;;-1;-1
461306;2000000906416;MDA34;MÁI DÀI 34;;450000;;;;;;
461305;2000000906409;MDA33;MÁI DÀI 33;;450000;;;;;;
461304;2000000906393;MDA32;MÁI DÀI 32;;450000;;;;;;
461303;2000000906386;MDA31;MÁI DÀI 31;;450000;;;;;;
461302;2000000906379;MDA30;MÁI DÀI 30;;450000;;;;;;
461301;2000000906362;MDA29;MÁI DÀI 29;;450000;;;;;;
461300;2000000906355;MDA28;MÁI DÀI 28;;450000;;;;;;
461299;2000000906348;MDA27;MÁI DÀI 27;;450000;;;;;;
461298;2000000906331;MDA26;MÁI DÀI 26;;450000;;;;;;
461297;2000000906324;MDA25;MÁI DÀI 25;;450000;;;;;;
461296;2000000906317;MDA24;MÁI DÀI 24;;450000;;;;;;
461295;2000000906300;MDA23;MÁI DÀI 23;;450000;;;;;;
461274;2000000906133;MDA6;MÁI DÀI 6;;450000;;;;;-1;-1
461267;2000000906072;MC13;MÁI CỘT 13;;550000;;;;;;
461266;2000000906065;MC12;MÁI CỘT 12;;550000;;;;;-1;-1
461262;2000000906034;MC9;MÁI CỘT 9;;550000;;;;;;
461261;2000000906027;MC8;MÁI CỘT 8;;550000;;;;;;
461260;2000000906010;MC7;MÁI CỘT 7;;550000;;;;;;
461259;2000000906003;MC6;MÁI CỘT 6;;550000;;;;;;
461258;2000000905990;MC5;MÁI CỘT 5;;550000;;;;;;
461257;2000000905983;MC4;MÁI CỘT 4;;550000;;;;;;
461255;2000000905969;MC2;MÁI CỘT 2;;550000;;;;;;
461254;2000000905952;MC1;MÁI CỘT 1;;550000;;;;;;
461247;2000000905891;K60901;KẸP 60CM 9 PHÍM 60901;;10899000;;;;;1;1
461246;2000000905884;K5003;KẸP 50CM 3 PHÍM 5003;;7800000;;;;;;
461244;2000000905860;K6002;KẸP 60CM 5 PHÍM 6002;;9800000;;;;;1;1
461243;2000000905853;K60601;KẸP 60CM 6 PHÍM 60601;;8649000;;;;;1;1
461238;2000000905815;BX8;BÚI Xoáy 8;;450000;;;;;;
461236;2000000905792;BX6;BÚI Xoáy 6;;450000;;;;;;
461235;2000000905785;BX5;BÚI Xoáy 5;;450000;;;;;;
461234;2000000905778;BX4;BÚI Xoáy 4;;450000;;;;;;
461233;2000000905761;BX3;BÚI Xoáy 3;;450000;;;;;;
461231;2000000905754;BX2;BÚI Xoáy 2;;450000;;;;;;
461230;2000000905747;BX1;BÚI Xoáy 1;;450000;;;;;;
461229;2000000905730;BT10;BÚI TO 10;;450000;;;;;;
461223;2000000905686;BT6;BÚI TO 6;;450000;;;;;;
461217;2000000905648;BT2;BÚI TO 2;;450000;;;;;;
461215;2000000905624;BN21;BÚI NHỎ 21;;350000;;;;;;
461213;2000000905617;BN20;BÚI NHỎ 20;;350000;;;;;;
461212;2000000905600;BN19;BÚI NHỎ 19;;350000;;;;;;
461211;2000000905594;BN18;BÚI NHỎ 18;;350000;;;;;;
461210;2000000905587;BN17;BÚI NHỎ 17;;350000;;;;;;
461209;2000000905570;BN16;BÚI NHỎ 16;;350000;;;;;;
461208;2000000905563;BN15;BÚI NHỎ 15;;350000;;;;;;
461207;2000000905556;BN14;BÚI NHỎ 14;;350000;;;;;;
461206;2000000905549;BN13;BÚI NHỎ 13;;350000;;;;;;
461205;2000000905532;BN12;BÚI NHỎ 12;;350000;;;;;;
461203;2000000905525;BN11;BÚI NHỎ 11;;350000;;;;;;
461201;2000000905518;BN10;BÚI NHỎ 10;;350000;;;;;;
461200;2000000905501;BN9;BÚI NHỎ 9;;350000;;;;;;
461199;2000000905495;BN8;BÚI NHỎ 8;;350000;;;;;;
461198;2000000905488;BN7;BÚI NHỎ 7;;350000;;;;;;
461197;2000000905471;BN6;BÚI NHỎ 6;;350000;;;;;;
461196;2000000905464;BN5;BÚI NHỎ 5;;350000;;;;;;
461195;2000000905457;BN4;BÚI NHỎ 4;;350000;;;;;;
461194;2000000905440;BN3;BÚI NHỎ 3;;350000;;;;;;
461193;2000000905433;BN2;BÚI NHỎ 2;;350000;;;;;;
461191;2000000905426;BN1;BÚI NHỎ 1;;350000;;;;;;
369375;2000000736501;DDN 409;Đầu đội may máy machine weft 409;;6000000;;;;;;
369373;2000000736495;DDN 407;Đầu đội may máy machine weft 407;;4200000;;;;;;
369372;2000000736488;DDN 408;Đầu đội may máy machine weft 408;;4899000;;;;;;
343869;2000000684659;C1904241;TÓC CỘT C1904241;;5200000;;;;1;;1
343689;2000000684475;K1904241;TÓC KẸP 9 PHÍM 60CM K1904241;;11599000;;;;1;;1
342690;2000000682082;MHNU 505;Mái phủ hói machine weff 505;;500000;;;;;;
342689;2000000682075;MHNU 504;Mái phủ hói siêu da Silk Base Ladystars 504;;5800000;;;;1;;1
342664;2000000681825;MHNU2604;Mái phủ hói siêu da SILK BASE MHNU2604;;5280000;;;;;;
342650;2000000681689;DDV190424;Đầu đội ngôi siêu da DDV190424;;8899000;;;;;;
342646;2000000681641;DDV 1701;Đầu đội siêu da đầu Silk Base  1701;;17800000;;;;;;
342643;2000000681610;DDV 1402;Đầu đội siêu da đầu Silk Base 1402;;14800000;;;;;;
342642;2000000681603;DDV 1302;Đầu đội siêu da đầu Silk Base 1302;;13500000;;;;1;;1
342636;2000000681542;DDN 902;Đầu đội may máy machine weft 902;;9800000;;;;;;
342635;2000000681535;DDN 901;Đầu đội may máy machine weft 901;;10800000;;;;;;
